MinTemp,MaxTemp,WindGustDir,WindGustSpeed,Humidity,Pressure,Temp,Hour,RainTomorrow
26.9,33.0,SSE,35.3,83.79,1010.0,28.0,0,Yes
26.9,33.0,S,15.1,83.79,1010.0,28.0,1,Yes
26.9,33.0,S,16.9,88.84,1010.0,27.0,2,Yes
26.9,33.0,SSE,14.8,88.84,1010.0,27.0,3,Yes
26.9,33.0,S,11.9,88.89,1010.0,26.9,4,Yes
26.9,33.0,SSE,10.8,88.84,1010.0,27.0,5,Yes
26.9,33.0,S,10.8,88.84,1010.0,27.0,6,Yes
26.9,33.0,SSE,11.2,83.68,1011.0,27.0,7,Yes
26.9,33.0,SSE,18.0,78.92,1011.0,28.0,8,Yes
26.9,33.0,SSE,20.9,74.46,1012.0,29.0,9,Yes
26.9,33.0,SE,22.0,70.47,1012.0,31.0,10,Yes
26.9,33.0,SE,21.6,62.71,1011.0,32.0,11,Yes
26.9,33.0,SE,21.6,59.27,1010.0,33.0,12,Yes
26.9,33.0,SSE,20.9,59.67,1009.1,32.9,13,Yes
26.9,33.0,SE,38.9,55.8,1008.0,33.0,14,Yes
26.9,33.0,S,22.7,62.93,1006.0,33.0,15,Yes
26.9,33.0,SSE,23.0,62.71,1006.0,32.0,16,Yes
26.9,33.0,SSE,24.5,58.81,1006.0,31.0,17,Yes
26.9,33.0,S,23.8,48.88,1008.0,31.0,18,Yes
26.9,33.0,S,17.3,58.58,1008.0,30.0,19,Yes
26.9,33.0,SSE,16.6,65.97,1008.0,29.0,20,Yes
26.9,33.0,SE,17.3,74.3,1009.0,28.0,21,Yes
26.9,33.0,ESE,17.6,74.3,1010.0,28.0,22,Yes
26.9,33.0,SE,17.3,78.78,1010.0,27.0,23,Yes
25.0,33.0,SSE,13.3,78.78,1010.0,27.0,0,Yes
25.0,33.0,SE,11.9,83.67,1009.0,27.0,1,Yes
25.0,33.0,SE,16.6,83.68,1009.0,27.0,2,Yes
25.0,33.0,SE,15.8,83.68,1009.0,27.0,3,Yes
25.0,33.0,SSE,15.1,84.01,1008.2,26.9,4,Yes
25.0,33.0,SSE,13.3,83.68,1009.0,27.0,5,Yes
25.0,33.0,SSE,10.4,83.68,1009.0,27.0,6,Yes
25.0,33.0,SSE,8.6,78.92,1010.0,28.0,7,Yes
25.0,33.0,ESE,13.7,74.3,1011.0,28.0,8,Yes
25.0,33.0,SE,18.0,66.18,1011.0,30.0,9,Yes
25.0,33.0,E,28.8,59.96,1012.0,30.9,10,Yes
25.0,33.0,E,28.8,55.56,1011.0,32.0,11,Yes
25.0,33.0,E,27.7,55.56,1010.0,32.0,12,Yes
25.0,33.0,SE,25.9,52.72,1009.0,32.9,13,Yes
25.0,33.0,ESE,19.8,49.4,1007.0,33.0,14,Yes
25.0,33.0,SSE,17.6,52.51,1007.0,33.0,15,Yes
25.0,33.0,S,15.5,59.04,1006.0,32.0,16,Yes
25.0,33.0,SSE,18.4,78.92,1007.0,28.0,17,Yes
25.0,33.0,S,19.8,74.46,1007.0,29.0,18,Yes
25.0,33.0,SSE,21.6,70.11,1008.0,29.0,19,Yes
25.0,33.0,E,20.2,65.97,1009.0,29.0,20,Yes
25.0,33.0,ESE,15.8,74.3,1010.0,28.0,21,Yes
25.0,33.0,N,13.3,88.76,1011.0,26.0,22,Yes
25.0,33.0,N,9.0,94.19,1010.0,25.0,23,Yes
24.9,33.0,N,9.7,94.19,1010.0,25.0,0,Yes
24.9,33.0,NNE,10.8,94.19,1010.0,25.0,1,Yes
24.9,33.0,NNE,11.5,94.19,1009.0,25.0,2,Yes
24.9,33.0,N,11.5,94.19,1009.0,25.0,3,Yes
24.9,33.0,NE,8.3,94.19,1009.0,25.0,4,Yes
24.9,33.0,NE,5.0,94.19,1009.0,25.0,5,Yes
24.9,33.0,N,3.6,94.19,1010.0,25.0,6,Yes
24.9,33.0,NNE,6.1,100.0,1011.0,25.0,7,Yes
24.9,33.0,E,10.1,83.68,1012.0,27.0,8,Yes
24.9,33.0,N,16.6,78.92,1012.0,28.0,9,Yes
24.9,33.0,NW,24.5,70.29,1012.0,30.0,10,Yes
24.9,33.0,WNW,25.9,62.5,1011.0,31.0,11,Yes
24.9,33.0,WNW,26.6,59.04,1011.0,32.0,12,Yes
24.9,33.0,WNW,25.2,66.38,1010.0,31.0,13,Yes
24.9,33.0,WNW,18.7,55.8,1009.0,33.0,14,Yes
24.9,33.0,S,16.9,88.91,1008.0,28.0,15,Yes
24.9,33.0,WSW,23.0,88.76,1008.0,26.0,16,Yes
24.9,33.0,WSW,25.2,83.56,1009.0,26.0,17,Yes
24.9,33.0,ESE,18.4,88.68,1009.0,25.0,18,Yes
24.9,33.0,NE,13.0,94.19,1011.0,25.0,19,Yes
24.9,33.0,NNE,7.2,83.45,1011.0,25.0,20,Yes
24.9,33.0,NNE,4.0,83.45,1011.0,25.0,21,Yes
24.9,33.0,NW,3.2,88.99,1012.0,24.9,22,Yes
24.9,33.0,NNE,4.0,88.68,1012.0,25.0,23,Yes
23.0,32.0,N,3.6,94.15,1012.0,24.0,0,No
23.0,32.0,NNW,2.9,93.93,1011.1,24.0,1,No
23.0,32.0,NNE,4.3,94.15,1010.0,24.0,2,No
23.0,32.0,N,3.6,100.0,1010.0,23.0,3,No
23.0,32.0,NNW,4.0,94.15,1010.0,24.0,4,No
23.0,32.0,NE,4.7,94.15,1010.0,24.0,5,No
23.0,32.0,NE,6.1,94.15,1011.0,24.0,6,No
23.0,32.0,NNE,11.9,88.94,1012.0,24.9,7,No
23.0,32.0,ESE,15.1,78.78,1012.0,27.0,8,No
23.0,32.0,SE,18.4,65.97,1013.0,29.0,9,No
23.0,32.0,SE,16.9,62.5,1013.0,31.0,10,No
23.0,32.0,SSE,15.8,52.26,1012.0,32.0,11,No
23.0,32.0,ESE,20.2,55.56,1011.0,32.0,12,No
23.0,32.0,SSW,18.7,55.56,1010.0,32.0,13,No
23.0,32.0,S,16.9,55.56,1009.0,32.0,14,No
23.0,32.0,SW,17.3,94.11,1009.0,23.0,15,No
23.0,32.0,WNW,17.3,88.68,1009.0,25.0,16,No
23.0,32.0,SSW,16.9,88.68,1009.0,25.0,17,No
23.0,32.0,S,16.2,78.78,1009.0,27.0,18,No
23.0,32.0,N,13.0,88.76,1011.0,26.0,19,No
23.0,32.0,SSW,13.7,88.76,1011.0,26.0,20,No
23.0,32.0,S,14.0,78.78,1011.0,27.0,21,No
23.0,32.0,SE,13.0,78.78,1012.0,27.0,22,No
23.0,32.0,SE,11.9,78.78,1012.0,27.0,23,No
24.0,32.0,SE,9.4,74.14,1011.0,27.0,0,No
24.0,32.0,NNE,8.3,83.56,1011.0,26.0,1,No
24.0,32.0,N,8.6,100.0,1011.0,24.0,2,No
24.0,32.0,ENE,7.6,94.15,1011.0,24.0,3,No
24.0,32.0,NNE,6.8,94.15,1011.0,24.0,4,No
24.0,32.0,N,6.8,94.15,1011.0,24.0,5,No
24.0,32.0,NNE,6.8,88.6,1011.0,24.0,6,No
24.0,32.0,NNE,9.7,88.34,1012.1,24.1,7,No
24.0,32.0,NNE,14.4,73.97,1013.0,26.0,8,No
24.0,32.0,N,16.2,69.92,1013.0,28.0,9,No
24.0,32.0,E,16.6,66.09,1013.1,29.0,10,No
24.0,32.0,NNW,16.2,62.28,1012.0,30.0,11,No
24.0,32.0,WSW,15.5,58.81,1011.0,31.0,12,No
24.0,32.0,SW,15.5,58.71,1010.1,31.0,13,No
24.0,32.0,SSW,14.4,55.56,1009.0,32.0,14,No
24.0,32.0,SW,14.8,55.56,1008.0,32.0,15,No
24.0,32.0,W,15.8,55.56,1008.0,32.0,16,No
24.0,32.0,WSW,18.7,55.56,1008.0,32.0,17,No
24.0,32.0,S,21.6,65.97,1009.0,29.0,18,No
24.0,32.0,S,24.8,69.92,1010.0,28.0,19,No
24.0,32.0,SSE,24.8,69.92,1010.0,28.0,20,No
24.0,32.0,S,22.0,74.3,1011.0,28.0,21,No
24.0,32.0,SSE,16.6,83.57,1011.1,26.9,22,No
24.0,32.0,SSE,12.2,78.78,1011.0,27.0,23,No
24.0,33.0,N,9.7,83.56,1011.0,26.0,0,Yes
24.0,33.0,SSW,8.3,83.56,1011.0,26.0,1,Yes
24.0,33.0,NNW,7.6,94.19,1011.0,25.0,2,Yes
24.0,33.0,NNW,6.8,94.19,1010.0,25.0,3,Yes
24.0,33.0,N,6.5,100.0,1010.0,24.0,4,Yes
24.0,33.0,N,6.5,100.0,1011.0,24.0,5,Yes
24.0,33.0,N,9.0,100.0,1012.0,24.0,6,Yes
24.0,33.0,N,13.7,93.36,1012.1,25.1,7,Yes
24.0,33.0,N,19.1,88.76,1013.0,26.0,8,Yes
24.0,33.0,NE,21.6,74.3,1013.0,28.0,9,Yes
24.0,33.0,SW,22.3,66.22,1014.0,29.0,10,Yes
24.0,33.0,N,21.6,62.5,1013.0,31.0,11,Yes
24.0,33.0,ENE,18.4,58.81,1012.0,31.0,12,Yes
24.0,33.0,E,18.4,55.47,1011.0,32.0,13,Yes
24.0,33.0,WNW,18.0,55.56,1010.0,32.0,14,Yes
24.0,33.0,SW,16.9,52.51,1009.0,33.0,15,Yes
24.0,33.0,S,16.9,62.41,1009.2,32.0,16,Yes
24.0,33.0,SSE,18.4,62.71,1009.0,32.0,17,Yes
24.0,33.0,S,19.1,62.28,1010.0,30.0,18,Yes
24.0,33.0,SE,18.7,62.59,1010.2,29.9,19,Yes
24.0,33.0,SE,19.4,58.35,1011.0,29.0,20,Yes
24.0,33.0,ESE,19.8,62.06,1013.0,29.0,21,Yes
24.0,33.0,ESE,19.1,65.77,1013.0,28.0,22,Yes
24.0,33.0,SE,15.8,69.92,1013.0,28.0,23,Yes
25.0,34.0,ESE,11.2,69.92,1012.0,28.0,0,Yes
25.0,34.0,ESE,7.9,70.74,1012.0,27.9,1,Yes
25.0,34.0,SSE,6.5,83.56,1012.0,26.0,2,Yes
25.0,34.0,NNW,5.0,83.56,1011.0,26.0,3,Yes
25.0,34.0,N,8.3,83.56,1011.0,26.0,4,Yes
25.0,34.0,N,9.7,88.68,1011.0,25.0,5,Yes
25.0,34.0,NNW,10.1,88.68,1012.0,25.0,6,Yes
25.0,34.0,NNW,13.3,83.02,1013.0,26.0,7,Yes
25.0,34.0,NNE,18.0,78.78,1014.0,27.0,8,Yes
25.0,34.0,NNE,18.7,70.11,1014.0,29.0,9,Yes
25.0,34.0,NE,25.9,58.97,1014.1,30.9,10,Yes
25.0,34.0,NNE,26.3,55.56,1013.0,32.0,11,Yes
25.0,34.0,NE,26.6,52.51,1012.0,33.0,12,Yes
25.0,34.0,SE,25.2,49.4,1011.0,33.0,13,Yes
25.0,34.0,S,20.9,43.91,1010.0,34.0,14,Yes
25.0,34.0,SSW,17.6,43.91,1009.0,34.0,15,Yes
25.0,34.0,S,24.8,62.24,1009.2,31.0,16,Yes
25.0,34.0,S,27.4,62.5,1010.0,31.0,17,Yes
25.0,34.0,S,23.8,58.81,1010.0,31.0,18,Yes
25.0,34.0,SSE,14.0,62.82,1011.1,29.9,19,Yes
25.0,34.0,E,9.7,65.97,1012.0,29.0,20,Yes
25.0,34.0,NNE,10.4,94.19,1012.0,25.0,21,Yes
25.0,34.0,N,11.5,94.23,1013.0,26.0,22,Yes
25.0,34.0,ESE,10.8,83.68,1013.0,27.0,23,Yes
24.0,35.0,N,7.2,83.68,1013.0,27.0,0,No
24.0,35.0,NE,6.5,79.1,1012.0,27.0,1,No
24.0,35.0,ESE,6.8,78.78,1011.0,27.0,2,No
24.0,35.0,SE,6.1,78.64,1011.0,26.0,3,No
24.0,35.0,ENE,5.8,83.45,1011.0,25.0,4,No
24.0,35.0,ENE,6.1,83.45,1011.0,25.0,5,No
24.0,35.0,NNE,7.2,88.6,1011.0,24.0,6,No
24.0,35.0,N,9.7,83.45,1012.0,25.0,7,No
24.0,35.0,NE,13.3,74.14,1013.0,27.0,8,No
24.0,35.0,NNW,14.0,74.3,1013.0,28.0,9,No
24.0,35.0,WNW,14.4,58.58,1013.0,30.0,10,No
24.0,35.0,W,17.6,55.32,1012.0,31.0,11,No
24.0,35.0,E,16.9,49.14,1011.0,32.0,12,No
24.0,35.0,S,18.4,42.12,1010.1,33.8,13,No
24.0,35.0,SSW,18.4,39.03,1009.0,35.0,14,No
24.0,35.0,N,18.0,41.27,1008.0,34.0,15,No
24.0,35.0,SSE,17.3,56.15,1008.2,32.8,16,No
24.0,35.0,S,22.3,62.5,1009.0,31.0,17,No
24.0,35.0,S,25.6,62.28,1009.0,30.0,18,No
24.0,35.0,SSE,26.6,62.68,1010.0,28.9,19,No
24.0,35.0,S,25.6,62.06,1010.0,29.0,20,No
24.0,35.0,SSE,22.7,65.77,1011.0,28.0,21,No
24.0,35.0,ESE,18.0,70.02,1011.2,27.0,22,No
24.0,35.0,ESE,14.0,69.73,1012.0,27.0,23,No
25.0,33.0,ESE,9.7,69.73,1011.0,27.0,0,No
25.0,33.0,ESE,8.6,70.69,1011.0,26.9,1,No
25.0,33.0,NE,7.6,69.73,1010.0,27.0,2,No
25.0,33.0,NE,6.1,73.97,1010.0,26.0,3,No
25.0,33.0,NE,6.5,83.25,1010.1,25.0,4,No
25.0,33.0,NE,6.8,83.45,1011.0,25.0,5,No
25.0,33.0,ENE,7.2,83.45,1011.0,25.0,6,No
25.0,33.0,NE,9.0,88.31,1012.1,25.0,7,No
25.0,33.0,NE,13.7,74.14,1012.0,27.0,8,No
25.0,33.0,N,16.6,69.92,1013.0,28.0,9,No
25.0,33.0,N,17.6,62.28,1012.0,30.0,10,No
25.0,33.0,SW,17.6,58.81,1011.0,31.0,11,No
25.0,33.0,ESE,16.9,55.56,1010.0,32.0,12,No
25.0,33.0,S,15.1,55.64,1009.2,31.9,13,No
25.0,33.0,WSW,18.4,49.4,1008.0,33.0,14,No
25.0,33.0,SSW,19.1,52.26,1007.0,32.0,15,No
25.0,33.0,S,23.0,55.44,1007.2,31.9,16,No
25.0,33.0,S,30.2,55.32,1008.0,31.0,17,No
25.0,33.0,S,31.7,58.58,1008.0,30.0,18,No
25.0,33.0,SSE,30.6,62.06,1009.0,29.0,19,No
25.0,33.0,SE,28.4,65.77,1010.0,28.0,20,No
25.0,33.0,ESE,25.6,69.73,1011.0,27.0,21,No
25.0,33.0,SE,22.3,69.73,1011.0,27.0,22,No
25.0,33.0,SE,18.7,69.73,1011.0,27.0,23,No
25.0,33.0,ESE,16.2,69.73,1011.0,27.0,0,No
25.0,33.0,E,14.4,74.28,1010.1,26.0,1,No
25.0,33.0,E,13.3,73.97,1010.0,26.0,2,No
25.0,33.0,E,9.7,78.5,1010.0,25.0,3,No
25.0,33.0,NE,9.4,78.49,1010.0,25.0,4,No
25.0,33.0,ESE,9.0,78.5,1011.0,25.0,5,No
25.0,33.0,ENE,7.6,73.97,1011.0,26.0,6,No
25.0,33.0,E,7.2,74.76,1012.0,25.9,7,No
25.0,33.0,E,12.2,65.56,1012.0,27.0,8,No
25.0,33.0,E,13.7,58.35,1012.0,29.0,9,No
25.0,33.0,NE,14.0,52.28,1013.0,29.9,10,No
25.0,33.0,NNE,16.2,48.88,1012.0,31.0,11,No
25.0,33.0,ESE,16.6,48.88,1011.0,31.0,12,No
25.0,33.0,NE,16.6,43.64,1010.0,33.0,13,No
25.0,33.0,ESE,18.4,43.64,1009.0,33.0,14,No
25.0,33.0,W,16.6,46.44,1008.0,33.0,15,No
25.0,33.0,WNW,14.4,49.14,1008.0,32.0,16,No
25.0,33.0,SW,14.0,70.11,1009.0,29.0,17,No
25.0,33.0,SSE,14.8,83.56,1010.0,26.0,18,No
25.0,33.0,SSE,18.7,78.65,1011.0,26.1,19,No
25.0,33.0,SSE,19.4,78.78,1011.0,27.0,20,No
25.0,33.0,S,18.7,74.14,1012.0,27.0,21,No
25.0,33.0,S,17.3,73.78,1012.0,27.0,22,No
25.0,33.0,SW,16.9,74.14,1012.0,27.0,23,No
25.0,32.0,WSW,12.6,88.76,1012.0,26.0,0,Yes
25.0,32.0,WSW,9.4,82.93,1011.1,26.0,1,Yes
25.0,32.0,W,5.8,88.68,1011.0,25.0,2,Yes
25.0,32.0,WSW,6.1,88.68,1011.0,25.0,3,Yes
25.0,32.0,W,6.1,88.68,1011.0,25.0,4,Yes
25.0,32.0,ENE,6.5,94.19,1011.0,25.0,5,Yes
25.0,32.0,NW,6.5,88.68,1012.0,25.0,6,Yes
25.0,32.0,NNW,7.6,94.19,1013.0,25.0,7,Yes
25.0,32.0,N,10.8,88.76,1014.0,26.0,8,Yes
25.0,32.0,ENE,11.5,78.91,1014.0,28.0,9,Yes
25.0,32.0,N,11.5,65.97,1014.0,29.0,10,Yes
25.0,32.0,NNE,12.2,58.81,1014.0,31.0,11,Yes
25.0,32.0,NE,22.0,58.8,1013.0,30.9,12,Yes
25.0,32.0,WSW,29.2,52.64,1012.0,32.0,13,Yes
25.0,32.0,W,19.8,58.81,1011.0,31.0,14,Yes
25.0,32.0,W,18.4,52.25,1010.0,32.0,15,Yes
25.0,32.0,SSW,18.4,55.55,1009.0,32.0,16,Yes
25.0,32.0,S,17.3,62.28,1010.0,30.0,17,Yes
25.0,32.0,S,16.2,62.28,1010.0,30.0,18,Yes
25.0,32.0,SE,18.0,65.97,1011.0,29.0,19,Yes
25.0,32.0,SSE,18.4,62.06,1012.0,29.0,20,Yes
25.0,32.0,SE,15.8,65.77,1012.0,28.0,21,Yes
25.0,32.0,NE,15.5,73.97,1013.0,26.0,22,Yes
25.0,32.0,NE,14.8,88.68,1013.0,25.0,23,Yes
24.0,33.0,ENE,13.0,83.45,1013.0,25.0,0,Yes
24.0,33.0,NNE,10.1,88.68,1013.0,25.0,1,Yes
24.0,33.0,NE,10.1,88.68,1012.0,25.0,2,Yes
24.0,33.0,NNE,9.4,83.45,1012.0,25.0,3,Yes
24.0,33.0,N,8.6,88.68,1012.0,25.0,4,Yes
24.0,33.0,NW,7.2,88.6,1012.0,24.0,5,Yes
24.0,33.0,E,5.0,88.6,1013.0,24.0,6,Yes
24.0,33.0,NNE,7.6,83.45,1014.0,25.0,7,Yes
24.0,33.0,E,12.6,73.97,1014.0,26.0,8,Yes
24.0,33.0,E,15.5,69.92,1015.0,28.0,9,Yes
24.0,33.0,N,17.3,62.0,1015.0,29.9,10,Yes
24.0,33.0,ESE,27.7,52.26,1014.0,32.0,11,Yes
24.0,33.0,ESE,28.1,49.4,1013.0,33.0,12,Yes
24.0,33.0,ESE,23.4,52.51,1011.0,33.0,13,Yes
24.0,33.0,SW,15.5,55.56,1011.0,32.0,14,Yes
24.0,33.0,S,15.8,58.81,1010.0,31.0,15,Yes
24.0,33.0,S,16.2,55.75,1010.0,30.9,16,Yes
24.0,33.0,S,22.0,62.28,1010.0,30.0,17,Yes
24.0,33.0,S,22.7,62.28,1010.0,30.0,18,Yes
24.0,33.0,SE,23.8,62.06,1011.0,29.0,19,Yes
24.0,33.0,SSE,24.1,65.77,1012.0,28.0,20,Yes
24.0,33.0,ESE,21.6,69.73,1012.0,27.0,21,Yes
24.0,33.0,SE,18.4,74.26,1013.0,26.9,22,Yes
24.0,33.0,ESE,17.3,74.14,1013.0,27.0,23,Yes
25.0,32.0,SE,19.1,69.73,1013.0,27.0,0,No
25.0,32.0,ESE,19.4,78.64,1012.0,26.0,1,No
25.0,32.0,ESE,19.8,78.64,1011.0,26.0,2,No
25.0,32.0,SE,19.4,73.97,1011.0,26.0,3,No
25.0,32.0,ESE,18.0,74.1,1011.0,25.9,4,No
25.0,32.0,ESE,16.2,78.5,1011.0,25.0,5,No
25.0,32.0,E,14.0,78.5,1012.0,25.0,6,No
25.0,32.0,E,14.4,73.97,1012.0,26.0,7,No
25.0,32.0,E,20.5,69.73,1013.0,27.0,8,No
25.0,32.0,ENE,22.0,61.84,1013.0,28.0,9,No
25.0,32.0,ENE,22.0,55.8,1013.1,29.9,10,No
25.0,32.0,E,21.2,55.32,1013.0,31.0,11,No
25.0,32.0,ENE,20.5,55.32,1012.0,31.0,12,No
25.0,32.0,ENE,19.1,52.26,1011.0,32.0,13,No
25.0,32.0,ENE,17.3,52.26,1009.0,32.0,14,No
25.0,32.0,SW,16.9,52.26,1008.0,32.0,15,No
25.0,32.0,SW,14.0,55.71,1008.2,31.9,16,No
25.0,32.0,SSE,17.3,83.56,1009.0,26.0,17,No
25.0,32.0,SSE,22.7,78.92,1009.0,28.0,18,No
25.0,32.0,SSE,27.4,69.58,1010.1,28.0,19,No
25.0,32.0,SSE,28.1,74.14,1010.0,27.0,20,No
25.0,32.0,SE,28.4,78.64,1011.0,26.0,21,No
25.0,32.0,SE,26.3,73.97,1011.0,26.0,22,No
25.0,32.0,ESE,25.2,73.97,1012.0,26.0,23,No
25.0,34.0,SE,23.8,73.97,1012.0,26.0,0,No
25.0,34.0,SE,22.0,74.28,1011.1,26.0,1,No
25.0,34.0,SSE,22.0,73.97,1011.0,26.0,2,No
25.0,34.0,ESE,21.6,83.45,1010.0,25.0,3,No
25.0,34.0,ESE,20.2,78.74,1010.1,25.0,4,No
25.0,34.0,ESE,17.3,78.5,1011.0,25.0,5,No
25.0,34.0,ESE,14.8,78.5,1011.0,25.0,6,No
25.0,34.0,E,17.3,78.64,1012.0,26.0,7,No
25.0,34.0,ESE,25.6,73.97,1013.0,26.0,8,No
25.0,34.0,ESE,27.7,65.77,1013.0,28.0,9,No
25.0,34.0,ESE,27.7,55.08,1013.0,30.0,10,No
25.0,34.0,ESE,27.0,49.14,1013.0,32.0,11,No
25.0,34.0,ENE,24.5,46.44,1012.0,33.0,12,No
25.0,34.0,NNW,21.6,46.44,1011.0,33.0,13,No
25.0,34.0,ESE,19.1,43.91,1009.0,34.0,14,No
25.0,34.0,S,18.4,52.26,1009.0,32.0,15,No
25.0,34.0,S,22.7,49.14,1009.0,32.0,16,No
25.0,34.0,S,29.5,55.08,1009.0,30.0,17,No
25.0,34.0,SSE,30.6,54.83,1010.0,29.0,18,No
25.0,34.0,SSE,30.6,58.11,1011.0,28.0,19,No
25.0,34.0,SE,28.4,75.42,1012.0,26.5,20,No
25.0,34.0,SE,27.7,65.56,1012.0,27.0,21,No
25.0,34.0,SE,26.3,66.24,1013.0,26.0,22,No
25.0,34.0,ESE,24.8,73.97,1012.0,26.0,23,No
25.0,33.0,SE,24.8,73.97,1012.0,26.0,0,No
25.0,33.0,SE,24.8,74.63,1012.0,25.9,1,No
25.0,33.0,SE,23.0,83.45,1012.0,25.0,2,No
25.0,33.0,ESE,22.7,83.45,1011.0,25.0,3,No
25.0,33.0,SE,22.0,83.45,1011.1,25.0,4,No
25.0,33.0,SE,21.6,83.45,1011.0,25.0,5,No
25.0,33.0,ESE,21.2,83.45,1012.0,25.0,6,No
25.0,33.0,ESE,20.9,69.54,1013.0,26.0,7,No
25.0,33.0,ESE,28.8,61.61,1014.0,27.0,8,No
25.0,33.0,ESE,29.9,54.83,1014.0,29.0,9,No
25.0,33.0,SE,29.9,51.76,1014.0,30.0,10,No
25.0,33.0,ESE,28.8,48.88,1013.0,31.0,11,No
25.0,33.0,ESE,26.6,46.18,1012.0,32.0,12,No
25.0,33.0,ESE,24.1,46.44,1011.0,33.0,13,No
25.0,33.0,SE,22.3,46.44,1010.0,33.0,14,No
25.0,33.0,S,24.8,52.26,1009.0,32.0,15,No
25.0,33.0,S,31.7,49.14,1009.0,32.0,16,No
25.0,33.0,SSW,35.3,58.58,1009.0,30.0,17,No
25.0,33.0,S,34.2,54.83,1010.0,29.0,18,No
25.0,33.0,SSE,28.1,61.84,1011.0,28.0,19,No
25.0,33.0,SSE,26.3,69.73,1011.0,27.0,20,No
25.0,33.0,SSE,26.3,69.73,1012.0,27.0,21,No
25.0,33.0,SSE,26.3,78.64,1013.0,26.0,22,No
25.0,33.0,ESE,25.6,78.64,1013.0,26.0,23,No
25.0,32.0,SE,24.1,78.64,1013.0,26.0,0,No
25.0,32.0,SE,22.0,79.1,1012.1,25.9,1,No
25.0,32.0,SE,16.9,78.64,1011.0,26.0,2,No
25.0,32.0,SE,14.4,83.45,1011.0,25.0,3,No
25.0,32.0,ESE,13.7,83.45,1011.1,25.0,4,No
25.0,32.0,SE,13.7,83.45,1012.0,25.0,5,No
25.0,32.0,ESE,13.3,88.68,1012.0,25.0,6,No
25.0,32.0,ESE,18.0,88.68,1013.0,25.0,7,No
25.0,32.0,SE,28.4,74.14,1013.0,27.0,8,No
25.0,32.0,SE,29.9,69.92,1014.0,28.0,9,No
25.0,32.0,SE,29.9,58.58,1014.0,30.0,10,No
25.0,32.0,ESE,28.1,55.32,1014.0,31.0,11,No
25.0,32.0,S,25.2,52.26,1012.0,32.0,12,No
25.0,32.0,SE,19.8,55.31,1011.1,31.0,13,No
25.0,32.0,S,18.4,55.32,1010.0,31.0,14,No
25.0,32.0,SSE,22.3,52.26,1009.0,32.0,15,No
25.0,32.0,S,26.6,55.59,1009.1,31.8,16,No
25.0,32.0,S,29.9,58.58,1009.0,30.0,17,No
25.0,32.0,S,29.5,62.06,1009.0,29.0,18,No
25.0,32.0,S,28.4,61.84,1010.0,28.0,19,No
25.0,32.0,S,27.0,61.84,1010.0,28.0,20,No
25.0,32.0,S,24.8,65.56,1011.0,27.0,21,No
25.0,32.0,SE,23.0,70.48,1011.2,26.9,22,No
25.0,32.0,SSE,21.6,73.97,1011.0,26.0,23,No
25.0,31.0,SE,21.2,78.64,1011.0,26.0,0,No
25.0,31.0,SSE,20.5,79.38,1011.1,25.9,1,No
25.0,31.0,SSE,18.7,83.56,1011.0,26.0,2,No
25.0,31.0,SE,17.6,83.56,1010.0,26.0,3,No
25.0,31.0,SSE,16.9,78.63,1010.0,26.0,4,No
25.0,31.0,SE,15.8,83.45,1010.0,25.0,5,No
25.0,31.0,SE,14.4,88.68,1011.0,25.0,6,No
25.0,31.0,ESE,16.2,83.56,1012.1,26.0,7,No
25.0,31.0,SE,25.2,74.14,1013.0,27.0,8,No
25.0,31.0,SE,27.0,69.92,1014.0,28.0,9,No
25.0,31.0,SSE,27.7,62.28,1013.0,30.0,10,No
25.0,31.0,SE,27.0,62.28,1013.0,30.0,11,No
25.0,31.0,S,31.7,62.28,1012.0,30.0,12,No
25.0,31.0,S,23.0,59.1,1010.9,30.9,13,No
25.0,31.0,SSW,23.8,58.81,1010.0,31.0,14,No
25.0,31.0,SSE,25.6,58.81,1009.0,31.0,15,No
25.0,31.0,S,26.3,58.81,1009.0,31.0,16,No
25.0,31.0,S,31.7,62.28,1009.0,30.0,17,No
25.0,31.0,SSE,32.0,69.92,1010.0,28.0,18,No
25.0,31.0,S,28.4,61.84,1011.0,28.0,19,No
25.0,31.0,SSE,24.5,69.73,1011.0,27.0,20,No
25.0,31.0,S,19.8,74.14,1012.0,27.0,21,No
25.0,31.0,SE,18.0,75.1,1013.1,26.9,22,No
25.0,31.0,SE,18.0,78.64,1013.0,26.0,23,No
25.0,33.0,SSE,19.4,83.56,1013.0,26.0,0,No
25.0,33.0,SSE,19.4,83.9,1012.1,25.9,1,No
25.0,33.0,SSE,18.0,83.56,1011.0,26.0,2,No
25.0,33.0,SE,17.6,83.56,1011.0,26.0,3,No
25.0,33.0,ESE,16.9,83.56,1011.0,26.0,4,No
25.0,33.0,ESE,15.8,88.68,1011.0,25.0,5,No
25.0,33.0,ESE,14.8,83.56,1011.0,26.0,6,No
25.0,33.0,ESE,16.6,83.61,1012.3,25.9,7,No
25.0,33.0,SE,25.2,74.14,1013.0,27.0,8,No
25.0,33.0,ESE,27.7,65.97,1013.0,29.0,9,No
25.0,33.0,SE,28.1,59.21,1013.1,29.9,10,No
25.0,33.0,SSE,28.1,55.32,1013.0,31.0,11,No
25.0,33.0,SE,26.6,52.26,1012.0,32.0,12,No
25.0,33.0,SE,25.9,49.4,1011.0,33.0,13,No
25.0,33.0,ESE,25.6,52.26,1010.0,32.0,14,No
25.0,33.0,SE,25.9,49.4,1009.0,33.0,15,No
25.0,33.0,SE,29.5,55.56,1009.0,32.0,16,No
25.0,33.0,S,33.1,58.81,1009.0,31.0,17,No
25.0,33.0,SSE,32.4,65.97,1009.0,29.0,18,No
25.0,33.0,SE,28.1,65.97,1010.0,29.0,19,No
25.0,33.0,SE,26.6,65.77,1011.0,28.0,20,No
25.0,33.0,SSE,27.4,65.77,1011.0,28.0,21,No
25.0,33.0,SE,28.4,74.14,1011.0,27.0,22,No
25.0,33.0,SE,28.4,65.77,1011.0,28.0,23,No
25.0,35.0,SE,27.4,69.73,1011.0,27.0,0,No
25.0,35.0,SE,25.9,70.4,1010.2,26.9,1,No
25.0,35.0,ESE,24.1,74.14,1010.0,27.0,2,No
25.0,35.0,SE,22.7,78.64,1010.0,26.0,3,No
25.0,35.0,ESE,22.0,83.56,1010.0,26.0,4,No
25.0,35.0,ESE,21.2,83.56,1010.0,26.0,5,No
25.0,35.0,ESE,19.8,88.68,1011.0,25.0,6,No
25.0,35.0,ESE,20.5,83.71,1011.2,25.9,7,No
25.0,35.0,E,29.2,74.14,1012.0,27.0,8,No
25.0,35.0,E,32.0,58.35,1013.0,29.0,9,No
25.0,35.0,E,32.8,52.47,1013.0,30.9,10,No
25.0,35.0,E,32.8,43.64,1012.0,33.0,11,No
25.0,35.0,E,32.0,41.27,1011.0,34.0,12,No
25.0,35.0,SE,30.2,40.15,1010.1,34.8,13,No
25.0,35.0,SSE,27.7,39.03,1009.0,35.0,14,No
25.0,35.0,S,27.4,49.4,1009.0,33.0,15,No
25.0,35.0,SE,29.2,49.67,1008.2,32.9,16,No
25.0,35.0,S,33.5,49.14,1009.0,32.0,17,No
25.0,35.0,SSE,33.5,52.01,1009.0,31.0,18,No
25.0,35.0,SSE,30.2,58.86,1010.1,28.9,19,No
25.0,35.0,ESE,29.2,61.84,1011.0,28.0,20,No
25.0,35.0,SE,27.4,61.84,1011.0,28.0,21,No
25.0,35.0,SSE,25.6,65.77,1012.0,28.0,22,No
25.0,35.0,SSE,24.1,69.73,1012.0,27.0,23,No
25.9,35.0,SSE,22.7,65.56,1011.0,27.0,0,No
25.9,35.0,SE,20.9,66.55,1011.0,26.9,1,No
25.9,35.0,SE,19.8,69.73,1010.0,27.0,2,No
25.9,35.0,SSE,16.9,69.73,1010.0,27.0,3,No
25.9,35.0,S,14.0,74.63,1010.1,25.9,4,No
25.9,35.0,SE,13.3,73.97,1011.0,26.0,5,No
25.9,35.0,SE,13.3,73.97,1011.0,26.0,6,No
25.9,35.0,ESE,16.6,74.73,1012.1,26.0,7,No
25.9,35.0,ESE,23.8,65.77,1012.0,28.0,8,No
25.9,35.0,ESE,26.6,62.06,1013.0,29.0,9,No
25.9,35.0,SE,27.4,55.72,1013.0,30.0,10,No
25.9,35.0,SE,27.4,52.26,1012.0,32.0,11,No
25.9,35.0,E,26.3,43.91,1011.0,34.0,12,No
25.9,35.0,S,23.8,46.59,1009.1,33.0,13,No
25.9,35.0,E,21.6,41.54,1008.0,35.0,14,No
25.9,35.0,SW,20.5,49.65,1007.0,34.0,15,No
25.9,35.0,S,24.5,52.26,1008.0,32.0,16,No
25.9,35.0,S,34.2,55.32,1008.0,31.0,17,No
25.9,35.0,S,34.9,65.97,1008.0,29.0,18,No
25.9,35.0,SSE,32.8,66.16,1009.1,27.9,19,No
25.9,35.0,SSE,28.8,65.77,1010.0,28.0,20,No
25.9,35.0,SE,25.9,65.56,1010.0,27.0,21,No
25.9,35.0,SSE,24.1,69.73,1010.0,27.0,22,No
25.9,35.0,SSE,21.6,74.14,1011.0,27.0,23,No
25.0,34.0,SE,18.7,83.56,1010.0,26.0,0,No
25.0,34.0,SSE,16.9,83.56,1009.0,26.0,1,No
25.0,34.0,SSE,19.4,83.56,1009.0,26.0,2,No
25.0,34.0,SSE,18.4,83.56,1009.0,26.0,3,No
25.0,34.0,SSE,18.4,88.68,1009.0,25.0,4,No
25.0,34.0,SE,19.1,83.56,1009.0,26.0,5,No
25.0,34.0,SE,19.4,88.68,1010.0,25.0,6,No
25.0,34.0,ESE,20.5,83.42,1011.1,26.0,7,No
25.0,34.0,SE,29.9,74.14,1011.0,27.0,8,No
25.0,34.0,ESE,31.7,65.97,1012.0,29.0,9,No
25.0,34.0,SE,31.7,58.58,1011.0,30.0,10,No
25.0,34.0,ESE,31.0,49.14,1011.0,32.0,11,No
25.0,34.0,ESE,29.2,46.44,1010.0,33.0,12,No
25.0,34.0,SE,28.1,46.44,1008.0,33.0,13,No
25.0,34.0,SE,27.0,46.7,1007.0,34.0,14,No
25.0,34.0,S,25.6,49.4,1007.0,33.0,15,No
25.0,34.0,S,25.9,52.26,1007.0,32.0,16,No
25.0,34.0,S,30.2,52.01,1007.0,31.0,17,No
25.0,34.0,SSE,30.6,58.58,1008.0,30.0,18,No
25.0,34.0,SSE,29.2,61.84,1009.0,28.0,19,No
25.0,34.0,SSE,27.4,69.92,1009.0,28.0,20,No
25.0,34.0,SE,26.3,74.14,1010.0,27.0,21,No
25.0,34.0,ESE,24.8,74.14,1010.0,27.0,22,No
25.0,34.0,ESE,22.7,83.56,1010.0,26.0,23,No
25.0,34.0,SE,19.1,83.56,1010.0,26.0,0,No
25.0,34.0,SSE,15.5,84.06,1010.0,25.9,1,No
25.0,34.0,SSE,16.2,83.56,1009.0,26.0,2,No
25.0,34.0,SE,14.8,83.56,1009.0,26.0,3,No
25.0,34.0,SSE,13.7,83.56,1009.0,26.0,4,No
25.0,34.0,SSE,11.9,88.68,1009.0,25.0,5,No
25.0,34.0,SE,10.1,83.56,1010.0,26.0,6,No
25.0,34.0,ESE,14.8,83.56,1011.0,26.0,7,No
25.0,34.0,ESE,23.0,69.92,1011.0,28.0,8,No
25.0,34.0,ESE,25.9,58.58,1012.0,30.0,9,No
25.0,34.0,ESE,26.3,49.85,1011.2,30.9,10,No
25.0,34.0,E,26.3,46.18,1011.0,32.0,11,No
25.0,34.0,E,25.2,43.64,1010.0,33.0,12,No
25.0,34.0,E,24.1,41.27,1009.0,34.0,13,No
25.0,34.0,E,24.5,38.76,1008.0,34.0,14,No
25.0,34.0,S,24.1,52.51,1007.0,33.0,15,No
25.0,34.0,SSE,24.8,52.51,1007.0,33.0,16,No
25.0,34.0,S,29.5,49.14,1008.0,32.0,17,No
25.0,34.0,S,30.2,66.18,1008.0,30.0,18,No
25.0,34.0,S,29.2,70.11,1009.0,29.0,19,No
25.0,34.0,S,27.0,74.3,1009.0,28.0,20,No
25.0,34.0,S,25.2,74.3,1010.0,28.0,21,No
25.0,34.0,SSE,25.2,78.78,1011.0,27.0,22,No
25.0,34.0,SSE,24.8,83.67,1011.0,27.0,23,No
25.0,34.0,ESE,23.8,83.68,1011.0,27.0,0,No
25.0,34.0,ESE,22.7,88.24,1010.1,26.0,1,No
25.0,34.0,SE,23.0,83.56,1009.0,26.0,2,No
25.0,34.0,SE,23.0,83.56,1009.0,26.0,3,No
25.0,34.0,SE,21.6,88.14,1010.0,25.0,4,No
25.0,34.0,SSE,20.5,78.64,1010.0,26.0,5,No
25.0,34.0,SE,19.8,83.56,1010.0,26.0,6,No
25.0,34.0,SE,23.0,83.07,1011.1,26.0,7,No
25.0,34.0,ESE,28.4,78.78,1011.0,27.0,8,No
25.0,34.0,SE,29.9,65.97,1012.0,29.0,9,No
25.0,34.0,SE,29.9,62.28,1012.0,30.0,10,No
25.0,34.0,ESE,28.8,55.56,1011.0,32.0,11,No
25.0,34.0,E,24.1,52.51,1009.0,33.0,12,No
25.0,34.0,ESE,20.5,49.4,1008.0,33.0,13,No
25.0,34.0,E,19.8,43.91,1007.0,34.0,14,No
25.0,34.0,S,19.4,49.4,1006.0,33.0,15,No
25.0,34.0,S,20.2,49.4,1006.0,33.0,16,No
25.0,34.0,S,26.6,52.01,1007.0,31.0,17,No
25.0,34.0,SSE,32.4,55.08,1008.0,30.0,18,No
25.0,34.0,SSE,33.1,59.31,1008.2,28.8,19,No
25.0,34.0,SSE,29.9,65.77,1009.0,28.0,20,No
25.0,34.0,S,25.2,65.77,1010.0,28.0,21,No
25.0,34.0,SSE,23.0,74.14,1010.0,27.0,22,No
25.0,34.0,SSE,22.0,78.78,1010.0,27.0,23,No
25.0,33.0,SSE,22.0,78.64,1010.0,26.0,0,No
25.0,33.0,SE,22.0,83.56,1010.0,26.0,1,No
25.0,33.0,SSE,22.7,83.56,1009.0,26.0,2,No
25.0,33.0,SE,22.3,83.56,1009.0,26.0,3,No
25.0,33.0,SE,21.6,88.68,1009.0,25.0,4,No
25.0,33.0,SE,19.8,83.56,1009.0,26.0,5,No
25.0,33.0,SSE,18.0,83.56,1010.0,26.0,6,No
25.0,33.0,SSE,18.7,83.56,1011.0,26.0,7,No
25.0,33.0,ESE,30.2,78.78,1011.0,27.0,8,No
25.0,33.0,SSE,31.7,65.97,1011.0,29.0,9,No
25.0,33.0,SSE,32.0,58.58,1011.0,30.0,10,No
25.0,33.0,SE,31.7,55.32,1011.0,31.0,11,No
25.0,33.0,SSE,31.0,55.32,1010.0,31.0,12,No
25.0,33.0,S,29.2,55.56,1009.0,32.0,13,No
25.0,33.0,SE,29.2,58.81,1008.0,31.0,14,No
25.0,33.0,SSE,28.1,49.4,1007.0,33.0,15,No
25.0,33.0,SSE,27.7,52.26,1007.0,32.0,16,No
25.0,33.0,SSE,28.1,55.32,1007.0,31.0,17,No
25.0,33.0,S,27.7,58.58,1007.0,30.0,18,No
25.0,33.0,SSE,25.6,51.76,1008.0,30.0,19,No
25.0,33.0,SSE,24.8,62.06,1009.0,29.0,20,No
25.0,33.0,SSE,22.7,65.77,1009.0,28.0,21,No
25.0,33.0,SE,20.2,78.78,1010.0,27.0,22,No
25.0,33.0,SE,20.2,78.78,1010.0,27.0,23,No
25.0,33.0,SE,19.8,88.76,1009.0,26.0,0,No
25.0,33.0,ESE,18.4,88.76,1009.0,26.0,1,No
25.0,33.0,ESE,14.0,88.68,1008.0,25.0,2,No
25.0,33.0,ESE,12.2,94.19,1008.0,25.0,3,No
25.0,33.0,ESE,10.4,94.19,1008.0,25.0,4,No
25.0,33.0,ESE,11.2,94.19,1008.0,25.0,5,No
25.0,33.0,SE,11.9,94.19,1009.0,25.0,6,No
25.0,33.0,SE,17.3,88.76,1010.0,26.0,7,No
25.0,33.0,SE,26.6,78.78,1010.0,27.0,8,No
25.0,33.0,SE,30.2,70.11,1011.0,29.0,9,No
25.0,33.0,SE,31.7,58.81,1010.0,31.0,10,No
25.0,33.0,SE,32.0,55.56,1010.0,32.0,11,No
25.0,33.0,SE,31.7,49.4,1009.0,33.0,12,No
25.0,33.0,SE,32.4,52.51,1008.0,33.0,13,No
25.0,33.0,S,38.2,55.8,1007.0,33.0,14,No
25.0,33.0,SE,40.0,55.56,1007.0,32.0,15,No
25.0,33.0,SSE,40.7,55.56,1007.0,32.0,16,No
25.0,33.0,SSE,38.9,58.81,1007.0,31.0,17,No
25.0,33.0,S,35.6,65.97,1008.0,29.0,18,No
25.0,33.0,S,26.6,74.3,1008.0,28.0,19,No
25.0,33.0,SE,22.3,74.3,1009.0,28.0,20,No
25.0,33.0,SSE,16.9,78.78,1009.0,27.0,21,No
25.0,33.0,SE,12.6,83.68,1009.0,27.0,22,No
25.0,33.0,SE,10.8,83.68,1010.0,27.0,23,No
26.0,35.0,ESE,10.4,88.76,1009.0,26.0,0,No
26.0,35.0,ESE,10.1,88.76,1009.0,26.0,1,No
26.0,35.0,ESE,11.2,88.76,1008.0,26.0,2,No
26.0,35.0,SE,12.2,88.76,1008.0,26.0,3,No
26.0,35.0,E,12.2,94.23,1008.0,26.0,4,No
26.0,35.0,ESE,10.8,88.76,1009.0,26.0,5,No
26.0,35.0,SSE,9.0,94.23,1010.0,26.0,6,No
26.0,35.0,ESE,11.5,88.84,1010.0,27.0,7,No
26.0,35.0,ESE,24.1,78.92,1011.0,28.0,8,No
26.0,35.0,SE,31.7,70.29,1011.0,30.0,9,No
26.0,35.0,ESE,34.9,66.38,1011.0,31.0,10,No
26.0,35.0,SE,34.9,55.8,1011.0,33.0,11,No
26.0,35.0,SE,33.5,52.76,1010.0,34.0,12,No
26.0,35.0,S,32.8,46.97,1009.0,35.0,13,No
26.0,35.0,S,31.7,46.97,1008.0,35.0,14,No
26.0,35.0,SSE,32.4,46.7,1007.0,34.0,15,No
26.0,35.0,SSE,32.8,46.7,1007.0,34.0,16,No
26.0,35.0,SSE,32.4,49.4,1007.0,33.0,17,No
26.0,35.0,SSE,29.9,55.32,1007.0,31.0,18,No
26.0,35.0,SSE,23.0,62.28,1008.0,30.0,19,No
26.0,35.0,SSE,19.8,65.97,1009.0,29.0,20,No
26.0,35.0,S,18.7,65.97,1009.0,29.0,21,No
26.0,35.0,SSE,18.4,74.3,1010.0,28.0,22,No
26.0,35.0,SE,18.0,83.68,1010.0,27.0,23,No
26.0,34.0,SE,17.6,83.68,1010.0,27.0,0,No
26.0,34.0,SE,16.2,88.84,1010.0,27.0,1,No
26.0,34.0,ESE,15.1,88.84,1009.0,27.0,2,No
26.0,34.0,SE,15.1,88.84,1009.0,27.0,3,No
26.0,34.0,SE,14.4,94.23,1009.0,26.0,4,No
26.0,34.0,SE,12.6,88.76,1009.0,26.0,5,No
26.0,34.0,SE,11.5,88.76,1010.0,26.0,6,No
26.0,34.0,ESE,16.2,83.68,1010.0,27.0,7,No
26.0,34.0,SE,23.4,78.92,1011.0,28.0,8,No
26.0,34.0,ESE,22.7,66.18,1012.0,30.0,9,No
26.0,34.0,ESE,21.2,62.5,1012.0,31.0,10,No
26.0,34.0,SSE,20.5,52.51,1011.0,33.0,11,No
26.0,34.0,SSE,20.5,52.51,1011.0,33.0,12,No
26.0,34.0,SSE,21.6,49.65,1009.0,34.0,13,No
26.0,34.0,S,20.5,46.7,1008.0,34.0,14,No
26.0,34.0,S,21.2,49.65,1008.0,34.0,15,No
26.0,34.0,SSE,24.5,52.51,1008.0,33.0,16,No
26.0,34.0,SSE,29.2,62.5,1008.0,31.0,17,No
26.0,34.0,S,29.9,62.28,1008.0,30.0,18,No
26.0,34.0,SSE,30.2,62.06,1009.0,29.0,19,No
26.0,34.0,SSE,28.8,74.3,1010.0,28.0,20,No
26.0,34.0,SE,25.2,78.92,1010.0,28.0,21,No
26.0,34.0,SSE,22.7,83.68,1011.0,27.0,22,No
26.0,34.0,SSE,20.5,83.68,1011.0,27.0,23,No
26.0,35.0,SSE,19.4,83.68,1011.0,27.0,0,No
26.0,35.0,SSE,18.0,83.68,1011.0,27.0,1,No
26.0,35.0,SSE,18.4,83.68,1010.0,27.0,2,No
26.0,35.0,SSE,17.3,83.68,1010.0,27.0,3,No
26.0,35.0,SE,15.8,88.76,1009.0,26.0,4,No
26.0,35.0,SSE,13.7,88.76,1010.0,26.0,5,No
26.0,35.0,ESE,11.2,88.76,1010.0,26.0,6,No
26.0,35.0,SE,16.2,83.68,1011.0,27.0,7,No
26.0,35.0,ESE,20.9,78.92,1012.0,28.0,8,No
26.0,35.0,ESE,20.9,70.11,1013.0,29.0,9,No
26.0,35.0,ESE,19.8,62.28,1013.0,30.0,10,No
26.0,35.0,WSW,18.0,52.26,1012.0,32.0,11,No
26.0,35.0,S,18.4,49.4,1011.0,33.0,12,No
26.0,35.0,ESE,19.1,46.7,1010.0,34.0,13,No
26.0,35.0,S,20.2,43.91,1009.0,34.0,14,No
26.0,35.0,S,20.5,44.18,1008.0,35.0,15,No
26.0,35.0,S,21.6,49.65,1007.0,34.0,16,No
26.0,35.0,SSE,24.8,55.56,1007.0,32.0,17,No
26.0,35.0,SSE,26.6,62.28,1008.0,30.0,18,No
26.0,35.0,SSE,27.7,65.97,1008.0,29.0,19,No
26.0,35.0,SSE,27.0,69.92,1009.0,28.0,20,No
26.0,35.0,SE,24.5,74.3,1009.0,28.0,21,No
26.0,35.0,SE,22.3,78.92,1010.0,28.0,22,No
26.0,35.0,SE,20.9,83.68,1010.0,27.0,23,No
26.0,34.0,S,20.2,78.78,1010.0,27.0,0,No
26.0,34.0,SE,17.6,83.68,1010.0,27.0,1,No
26.0,34.0,SSE,15.5,88.76,1009.0,26.0,2,No
26.0,34.0,SSE,13.3,88.76,1009.0,26.0,3,No
26.0,34.0,SE,11.2,88.76,1009.0,26.0,4,No
26.0,34.0,SE,9.7,83.56,1010.0,26.0,5,No
26.0,34.0,SE,9.4,88.76,1010.0,26.0,6,No
26.0,34.0,SE,15.8,83.68,1011.0,27.0,7,No
26.0,34.0,SE,20.9,78.92,1012.0,28.0,8,No
26.0,34.0,SE,22.7,65.97,1013.0,29.0,9,No
26.0,34.0,SSE,23.0,66.18,1012.0,30.0,10,No
26.0,34.0,SSE,23.4,49.14,1012.0,32.0,11,No
26.0,34.0,S,24.5,49.4,1011.0,33.0,12,No
26.0,34.0,SSE,25.9,46.7,1009.0,34.0,13,No
26.0,34.0,S,27.0,46.7,1008.0,34.0,14,No
26.0,34.0,S,28.4,52.51,1007.0,33.0,15,No
26.0,34.0,S,30.2,52.51,1007.0,33.0,16,No
26.0,34.0,SSE,31.3,52.01,1007.0,31.0,17,No
26.0,34.0,S,30.6,62.28,1008.0,30.0,18,No
26.0,34.0,S,26.6,65.97,1009.0,29.0,19,No
26.0,34.0,SSE,23.8,74.3,1010.0,28.0,20,No
26.0,34.0,SSE,20.9,74.3,1010.0,28.0,21,No
26.0,34.0,SSE,19.1,78.92,1011.0,28.0,22,No
26.0,34.0,SSE,18.7,78.92,1011.0,28.0,23,No
27.0,34.0,S,19.8,83.68,1011.0,27.0,0,No
27.0,34.0,SSE,19.8,83.68,1010.0,27.0,1,No
27.0,34.0,SSE,19.1,83.68,1010.0,27.0,2,No
27.0,34.0,SSE,17.3,83.68,1010.0,27.0,3,No
27.0,34.0,SSE,15.8,83.68,1010.0,27.0,4,No
27.0,34.0,SSE,13.3,83.68,1010.0,27.0,5,No
27.0,34.0,SE,10.4,83.68,1011.0,27.0,6,No
27.0,34.0,SSE,13.3,83.68,1012.0,27.0,7,No
27.0,34.0,SE,25.6,78.92,1012.0,28.0,8,No
27.0,34.0,SE,27.7,66.18,1013.0,30.0,9,No
27.0,34.0,ESE,28.8,58.81,1013.0,31.0,10,No
27.0,34.0,ESE,29.5,55.56,1012.0,32.0,11,No
27.0,34.0,SE,29.9,52.51,1011.0,33.0,12,No
27.0,34.0,SE,30.6,49.4,1010.0,33.0,13,No
27.0,34.0,SSE,31.0,49.65,1009.0,34.0,14,No
27.0,34.0,S,31.7,52.76,1008.0,34.0,15,No
27.0,34.0,SSE,33.1,55.56,1008.0,32.0,16,No
27.0,34.0,SE,35.6,58.81,1008.0,31.0,17,No
27.0,34.0,SSE,34.9,62.28,1009.0,30.0,18,No
27.0,34.0,SSE,29.5,70.11,1009.0,29.0,19,No
27.0,34.0,SE,27.0,74.3,1010.0,28.0,20,No
27.0,34.0,SSE,24.5,69.92,1011.0,28.0,21,No
27.0,34.0,SE,23.8,69.92,1011.0,28.0,22,No
27.0,34.0,ESE,23.4,74.14,1011.0,27.0,23,No
25.5,33.0,ESE,22.7,74.14,1011.0,27.0,0,No
25.5,33.0,SE,21.6,74.14,1010.0,27.0,1,No
25.5,33.0,SE,18.7,85.56,1010.0,25.5,2,No
25.5,33.0,SE,16.9,74.14,1009.0,27.0,3,No
25.5,33.0,ESE,15.1,78.64,1010.0,26.0,4,No
25.5,33.0,ESE,13.7,83.56,1010.0,26.0,5,No
25.5,33.0,ESE,11.5,78.64,1010.0,26.0,6,No
25.5,33.0,ESE,15.8,74.14,1011.0,27.0,7,No
25.5,33.0,SE,27.0,69.92,1012.0,28.0,8,No
25.5,33.0,SE,29.2,65.97,1012.0,29.0,9,No
25.5,33.0,SE,35.3,55.32,1012.0,31.0,10,No
25.5,33.0,SSE,30.6,49.14,1011.0,32.0,11,No
25.5,33.0,SSE,29.9,49.4,1010.0,33.0,12,No
25.5,33.0,SE,33.5,49.14,1009.0,32.0,13,No
25.5,33.0,S,25.6,49.4,1008.0,33.0,14,No
25.5,33.0,S,27.4,49.4,1007.0,33.0,15,No
25.5,33.0,S,29.5,49.14,1007.0,32.0,16,No
25.5,33.0,S,30.2,52.26,1007.0,32.0,17,No
25.5,33.0,SSE,29.9,65.97,1008.0,29.0,18,No
25.5,33.0,S,25.6,74.3,1008.0,28.0,19,No
25.5,33.0,SSE,38.9,74.3,1009.0,28.0,20,No
25.5,33.0,SSE,21.2,74.3,1010.0,28.0,21,No
25.5,33.0,SSE,19.4,78.92,1010.0,28.0,22,No
25.5,33.0,SSE,18.4,83.68,1010.0,27.0,23,No
26.0,35.0,SE,16.9,83.68,1010.0,27.0,0,Yes
26.0,35.0,S,15.5,83.68,1009.0,27.0,1,Yes
26.0,35.0,SSE,15.1,83.68,1009.0,27.0,2,Yes
26.0,35.0,SSE,12.2,88.76,1008.0,26.0,3,Yes
26.0,35.0,S,10.8,88.76,1008.0,26.0,4,Yes
26.0,35.0,S,9.7,88.76,1008.0,26.0,5,Yes
26.0,35.0,SW,8.3,88.76,1009.0,26.0,6,Yes
26.0,35.0,S,9.0,83.68,1009.0,27.0,7,Yes
26.0,35.0,SSW,16.6,74.3,1010.0,28.0,8,Yes
26.0,35.0,SSW,18.4,65.97,1011.0,29.0,9,Yes
26.0,35.0,SSW,18.0,58.58,1011.0,30.0,10,Yes
26.0,35.0,W,17.6,49.14,1010.0,32.0,11,Yes
26.0,35.0,SW,16.6,43.91,1009.0,34.0,12,Yes
26.0,35.0,SW,17.6,43.91,1008.0,34.0,13,Yes
26.0,35.0,S,19.4,43.91,1007.0,34.0,14,Yes
26.0,35.0,WSW,20.2,41.54,1006.0,35.0,15,Yes
26.0,35.0,SW,20.2,44.18,1005.0,35.0,16,Yes
26.0,35.0,S,19.4,55.8,1005.0,33.0,17,Yes
26.0,35.0,S,18.4,66.38,1006.0,31.0,18,Yes
26.0,35.0,SSE,20.2,70.29,1006.0,30.0,19,Yes
26.0,35.0,S,20.9,74.46,1007.0,29.0,20,Yes
26.0,35.0,S,19.1,74.46,1008.0,29.0,21,Yes
26.0,35.0,S,16.6,74.46,1008.0,29.0,22,Yes
26.0,35.0,SSW,14.8,78.92,1008.0,28.0,23,Yes
27.0,35.0,S,15.1,78.92,1008.0,28.0,0,No
27.0,35.0,S,14.8,83.79,1008.0,28.0,1,No
27.0,35.0,S,12.2,88.84,1007.0,27.0,2,No
27.0,35.0,SSW,10.1,88.84,1007.0,27.0,3,No
27.0,35.0,SSW,9.4,88.84,1007.0,27.0,4,No
27.0,35.0,S,10.4,88.84,1007.0,27.0,5,No
27.0,35.0,S,10.4,83.68,1008.0,27.0,6,No
27.0,35.0,SSW,14.8,88.84,1008.0,27.0,7,No
27.0,35.0,S,19.4,74.46,1009.0,29.0,8,No
27.0,35.0,SSE,19.8,62.5,1010.0,31.0,9,No
27.0,35.0,S,17.6,59.04,1010.0,32.0,10,No
27.0,35.0,SSE,18.0,52.51,1009.0,33.0,11,No
27.0,35.0,S,19.4,52.51,1008.0,33.0,12,No
27.0,35.0,SSW,20.9,46.97,1007.0,35.0,13,No
27.0,35.0,S,22.3,46.97,1006.0,35.0,14,No
27.0,35.0,S,22.7,49.91,1006.0,35.0,15,No
27.0,35.0,S,24.1,52.76,1006.0,34.0,16,No
27.0,35.0,S,25.9,55.8,1006.0,33.0,17,No
27.0,35.0,SSE,27.4,62.5,1006.0,31.0,18,No
27.0,35.0,SSE,28.8,70.29,1007.0,30.0,19,No
27.0,35.0,SSE,28.1,74.46,1008.0,29.0,20,No
27.0,35.0,S,25.6,79.06,1008.0,29.0,21,No
27.0,35.0,S,23.4,83.79,1009.0,28.0,22,No
27.0,35.0,S,21.6,78.92,1009.0,28.0,23,No
27.0,35.0,S,20.2,78.92,1009.0,28.0,0,No
27.0,35.0,S,18.4,78.92,1009.0,28.0,1,No
27.0,35.0,S,16.2,83.68,1009.0,27.0,2,No
27.0,35.0,S,12.2,83.68,1008.0,27.0,3,No
27.0,35.0,S,9.4,83.68,1009.0,27.0,4,No
27.0,35.0,SSE,10.1,83.68,1009.0,27.0,5,No
27.0,35.0,SSW,9.4,88.84,1010.0,27.0,6,No
27.0,35.0,SSW,13.7,88.84,1010.0,27.0,7,No
27.0,35.0,SSW,23.8,74.46,1011.0,29.0,8,No
27.0,35.0,S,26.6,74.46,1011.0,29.0,9,No
27.0,35.0,SW,27.4,59.04,1011.0,32.0,10,No
27.0,35.0,ESE,27.4,59.04,1010.0,32.0,11,No
27.0,35.0,S,26.6,52.51,1010.0,33.0,12,No
27.0,35.0,SSW,25.9,46.97,1009.0,35.0,13,No
27.0,35.0,SSE,25.6,49.91,1008.0,35.0,14,No
27.0,35.0,S,24.8,53.01,1007.0,35.0,15,No
27.0,35.0,SSE,24.8,49.91,1007.0,35.0,16,No
27.0,35.0,S,25.2,56.04,1007.0,34.0,17,No
27.0,35.0,SSE,24.8,66.38,1007.0,31.0,18,No
27.0,35.0,S,25.2,70.29,1008.0,30.0,19,No
27.0,35.0,SSE,25.6,79.06,1009.0,29.0,20,No
27.0,35.0,S,24.5,79.06,1009.0,29.0,21,No
27.0,35.0,S,23.4,79.06,1010.0,29.0,22,No
27.0,35.0,S,23.8,79.06,1010.0,29.0,23,No
27.0,37.0,SSW,23.4,83.79,1010.0,28.0,0,No
27.0,37.0,S,22.0,83.79,1010.0,28.0,1,No
27.0,37.0,SSW,20.2,83.79,1010.0,28.0,2,No
27.0,37.0,SSW,17.6,83.79,1009.0,28.0,3,No
27.0,37.0,SSW,14.4,94.27,1009.0,27.0,4,No
27.0,37.0,SSW,12.6,88.84,1010.0,27.0,5,No
27.0,37.0,WSW,10.4,88.84,1010.0,27.0,6,No
27.0,37.0,SW,12.6,88.84,1011.0,27.0,7,No
27.0,37.0,WSW,17.3,74.46,1012.0,29.0,8,No
27.0,37.0,W,17.6,74.46,1012.0,29.0,9,No
27.0,37.0,S,17.3,62.71,1012.0,32.0,10,No
27.0,37.0,SW,18.0,55.8,1011.0,33.0,11,No
27.0,37.0,SW,19.8,46.7,1010.0,34.0,12,No
27.0,37.0,SW,20.9,39.3,1009.0,36.0,13,No
27.0,37.0,W,22.0,37.21,1008.0,37.0,14,No
27.0,37.0,WNW,22.0,37.21,1007.0,37.0,15,No
27.0,37.0,WSW,22.0,36.94,1007.0,36.0,16,No
27.0,37.0,SSW,22.0,56.04,1007.0,34.0,17,No
27.0,37.0,S,22.0,66.58,1008.0,32.0,18,No
27.0,37.0,S,25.2,70.47,1008.0,31.0,19,No
27.0,37.0,S,25.9,74.63,1008.0,30.0,20,No
27.0,37.0,S,23.0,83.9,1009.0,29.0,21,No
27.0,37.0,S,21.6,83.9,1009.0,29.0,22,No
27.0,37.0,S,20.5,83.9,1009.0,29.0,23,No
28.0,36.0,S,19.4,88.99,1009.0,29.0,0,No
28.0,36.0,SSW,18.0,94.32,1009.0,28.0,1,No
28.0,36.0,SSW,15.5,88.91,1009.0,28.0,2,No
28.0,36.0,SSW,14.0,88.91,1009.0,28.0,3,No
28.0,36.0,S,13.7,88.91,1009.0,28.0,4,No
28.0,36.0,SSW,12.6,88.91,1010.0,28.0,5,No
28.0,36.0,S,10.1,88.91,1010.0,28.0,6,No
28.0,36.0,S,11.5,79.06,1010.0,29.0,7,No
28.0,36.0,SSW,10.4,74.63,1011.0,30.0,8,No
28.0,36.0,SSE,10.1,66.38,1012.0,31.0,9,No
28.0,36.0,SSE,29.5,66.38,1012.0,31.0,10,No
28.0,36.0,S,9.4,59.27,1011.0,33.0,11,No
28.0,36.0,S,9.4,52.76,1010.0,34.0,12,No
28.0,36.0,S,10.4,49.91,1009.0,35.0,13,No
28.0,36.0,SSE,14.0,47.23,1008.0,36.0,14,No
28.0,36.0,WSW,16.2,44.44,1007.0,36.0,15,No
28.0,36.0,SSE,20.5,44.44,1007.0,36.0,16,No
28.0,36.0,S,25.9,59.5,1007.0,34.0,17,No
28.0,36.0,SSE,30.2,66.58,1008.0,32.0,18,No
28.0,36.0,SSE,30.2,70.47,1008.0,31.0,19,No
28.0,36.0,SSE,30.6,74.63,1009.0,30.0,20,No
28.0,36.0,S,27.4,74.63,1010.0,30.0,21,No
28.0,36.0,S,24.5,83.9,1010.0,29.0,22,No
28.0,36.0,SSE,23.4,83.9,1011.0,29.0,23,No
28.0,34.0,SSE,23.0,79.06,1010.0,29.0,0,No
28.0,34.0,SE,21.2,83.79,1009.0,28.0,1,No
28.0,34.0,SSE,19.8,83.79,1009.0,28.0,2,No
28.0,34.0,SSE,20.5,83.79,1009.0,28.0,3,No
28.0,34.0,SSE,23.8,83.78,1009.0,28.0,4,No
28.0,34.0,S,23.8,83.78,1010.0,28.0,5,No
28.0,34.0,SSE,21.2,83.78,1010.0,28.0,6,No
28.0,34.0,SSE,20.5,83.78,1011.0,28.0,7,No
28.0,34.0,SSE,16.6,70.28,1012.0,30.0,8,No
28.0,34.0,SSE,13.7,62.49,1012.0,30.9,9,No
28.0,34.0,SE,13.3,62.7,1012.0,32.0,10,No
28.0,34.0,SSE,13.3,55.55,1012.0,32.0,11,No
28.0,34.0,S,14.0,49.64,1011.0,34.0,12,No
28.0,34.0,SSW,13.3,52.75,1010.0,34.0,13,No
28.0,34.0,SSE,13.0,49.64,1009.0,34.0,14,No
28.0,34.0,S,12.6,43.9,1009.0,34.0,15,No
28.0,34.0,SSE,14.0,43.9,1009.0,34.0,16,No
28.0,34.0,SSE,18.7,55.55,1009.0,32.0,17,No
28.0,34.0,SSE,24.8,58.8,1009.0,30.9,18,No
28.0,34.0,SSE,27.4,62.27,1009.0,30.0,19,No
28.0,34.0,SSE,29.2,65.97,1010.0,29.0,20,No
28.0,34.0,S,28.8,65.97,1011.0,29.0,21,No
28.0,34.0,SSE,24.5,65.97,1011.0,29.0,22,No
28.0,34.0,S,22.7,69.91,1012.0,28.0,23,No
27.0,35.0,S,22.3,69.91,1012.0,28.0,0,No
27.0,35.0,SSE,20.5,74.29,1011.0,28.0,1,No
27.0,35.0,S,18.0,74.29,1011.0,28.0,2,No
27.0,35.0,S,13.0,83.67,1010.0,27.0,3,No
27.0,35.0,S,8.3,83.67,1010.0,27.0,4,No
27.0,35.0,SSE,7.9,83.67,1010.0,27.0,5,No
27.0,35.0,SSE,9.0,78.91,1011.0,28.0,6,No
27.0,35.0,SSE,11.5,78.91,1012.0,28.0,7,No
27.0,35.0,S,12.2,70.1,1013.0,29.0,8,No
27.0,35.0,S,11.2,66.17,1013.0,30.0,9,No
27.0,35.0,S,10.8,59.03,1013.0,32.0,10,No
27.0,35.0,SSE,10.1,59.03,1012.0,32.0,11,No
27.0,35.0,S,10.1,52.5,1012.0,33.0,12,No
27.0,35.0,SSW,8.6,49.64,1010.0,34.0,13,No
27.0,35.0,S,9.4,49.64,1009.0,34.0,14,No
27.0,35.0,SSW,10.4,49.9,1008.0,35.0,15,No
27.0,35.0,S,11.2,52.75,1007.0,34.0,16,No
27.0,35.0,S,17.6,52.75,1007.0,34.0,17,No
27.0,35.0,SSE,26.6,55.55,1008.0,32.0,18,No
27.0,35.0,SSE,25.9,62.27,1009.0,30.0,19,No
27.0,35.0,S,25.2,66.17,1009.0,30.0,20,No
27.0,35.0,SSE,26.3,74.46,1010.0,29.0,21,No
27.0,35.0,SSE,25.6,74.46,1011.0,29.0,22,No
27.0,35.0,SE,25.9,74.46,1011.0,29.0,23,No
27.0,35.0,SSE,24.8,78.91,1010.0,28.0,0,No
27.0,35.0,S,23.0,83.78,1009.0,28.0,1,No
27.0,35.0,S,19.1,78.91,1009.0,28.0,2,No
27.0,35.0,S,18.7,78.91,1009.0,28.0,3,No
27.0,35.0,SSW,19.8,88.83,1009.0,27.0,4,No
27.0,35.0,S,17.6,88.83,1010.0,27.0,5,No
27.0,35.0,S,16.2,88.83,1010.0,27.0,6,No
27.0,35.0,S,14.0,78.91,1011.0,28.0,7,No
27.0,35.0,S,11.9,74.46,1012.0,29.0,8,No
27.0,35.0,S,10.4,70.28,1012.0,30.0,9,No
27.0,35.0,SSW,9.7,62.49,1012.0,30.9,10,No
27.0,35.0,WSW,9.0,55.55,1011.0,32.0,11,No
27.0,35.0,SW,8.6,52.75,1010.0,34.0,12,No
27.0,35.0,SW,8.6,52.5,1009.0,33.0,13,No
27.0,35.0,SSW,10.4,49.9,1008.0,35.0,14,No
27.0,35.0,SSW,13.7,49.9,1007.0,35.0,15,No
27.0,35.0,SW,14.0,49.9,1007.0,35.0,16,No
27.0,35.0,S,16.6,59.26,1007.0,33.0,17,No
27.0,35.0,S,23.4,66.37,1007.0,30.9,18,No
27.0,35.0,SSE,26.6,74.62,1008.0,30.0,19,No
27.0,35.0,S,38.9,74.62,1008.0,30.0,20,No
27.0,35.0,S,26.6,79.05,1009.0,29.0,21,No
27.0,35.0,S,24.1,74.46,1010.0,29.0,22,No
27.0,35.0,S,21.6,74.46,1010.0,29.0,23,No
27.0,36.0,S,19.8,78.91,1009.0,28.0,0,No
27.0,36.0,S,19.8,83.78,1008.0,28.0,1,No
27.0,36.0,S,17.3,83.78,1008.0,28.0,2,No
27.0,36.0,S,13.0,83.78,1008.0,28.0,3,No
27.0,36.0,S,13.3,83.78,1008.0,28.0,4,No
27.0,36.0,S,13.0,88.83,1008.0,27.0,5,No
27.0,36.0,SSE,12.6,88.83,1009.0,27.0,6,No
27.0,36.0,SSE,14.0,83.78,1009.0,28.0,7,No
27.0,36.0,SSE,11.9,74.62,1010.0,30.0,8,No
27.0,36.0,SSE,10.4,66.37,1011.0,30.9,9,No
27.0,36.0,SSE,31.7,59.03,1010.0,32.0,10,No
27.0,36.0,SSE,9.4,55.79,1010.0,33.0,11,No
27.0,36.0,SSE,9.7,49.9,1009.0,35.0,12,No
27.0,36.0,SW,13.0,47.22,1008.0,36.0,13,No
27.0,36.0,S,13.0,53.0,1007.0,35.0,14,No
27.0,36.0,S,11.9,56.03,1006.0,34.0,15,No
27.0,36.0,S,15.5,59.26,1006.0,33.0,16,No
27.0,36.0,SSE,23.4,59.26,1006.0,33.0,17,No
27.0,36.0,SSE,27.4,66.37,1007.0,30.9,18,No
27.0,36.0,SSE,27.7,70.28,1007.0,30.0,19,No
27.0,36.0,S,24.8,70.28,1008.0,30.0,20,No
27.0,36.0,SSE,24.5,74.46,1009.0,29.0,21,No
27.0,36.0,S,22.7,79.05,1010.0,29.0,22,No
27.0,36.0,S,21.2,74.46,1010.0,29.0,23,No
28.0,34.0,S,19.4,79.05,1009.0,29.0,0,No
28.0,34.0,S,20.2,83.78,1009.0,28.0,1,No
28.0,34.0,S,19.4,83.78,1008.0,28.0,2,No
28.0,34.0,S,17.3,83.78,1008.0,28.0,3,No
28.0,34.0,S,15.1,78.91,1008.0,28.0,4,No
28.0,34.0,S,14.0,78.91,1009.0,28.0,5,No
28.0,34.0,S,13.3,83.78,1010.0,28.0,6,No
28.0,34.0,SSE,14.8,83.78,1011.0,28.0,7,No
28.0,34.0,S,11.2,74.46,1011.0,29.0,8,No
28.0,34.0,SSE,10.8,58.8,1012.0,30.9,9,No
28.0,34.0,SSE,9.7,55.79,1012.0,33.0,10,No
28.0,34.0,SE,9.7,59.03,1011.0,32.0,11,No
28.0,34.0,SE,10.4,55.79,1011.0,33.0,12,No
28.0,34.0,S,9.0,52.75,1009.0,34.0,13,No
28.0,34.0,S,9.4,55.79,1008.0,33.0,14,No
28.0,34.0,SSE,7.9,52.75,1008.0,34.0,15,No
28.0,34.0,S,7.9,52.75,1007.0,34.0,16,No
28.0,34.0,S,11.9,59.26,1007.0,33.0,17,No
28.0,34.0,SE,19.1,66.37,1008.0,30.9,18,No
28.0,34.0,S,22.3,62.49,1009.0,30.9,19,No
28.0,34.0,SSE,21.6,70.28,1010.0,30.0,20,No
28.0,34.0,SSE,19.8,70.28,1010.0,30.0,21,No
28.0,34.0,S,17.6,79.05,1011.0,29.0,22,No
28.0,34.0,S,19.4,79.05,1010.0,29.0,23,No
27.7,33.0,S,18.4,79.05,1010.0,29.0,0,No
27.7,33.0,SSW,18.4,83.78,1009.0,28.0,1,No
27.7,33.0,S,17.3,83.78,1009.0,28.0,2,No
27.7,33.0,S,18.7,88.91,1008.0,28.0,3,No
27.7,33.0,S,17.6,83.78,1009.0,28.0,4,No
27.7,33.0,S,14.8,83.78,1009.0,28.0,5,No
27.7,33.0,S,15.5,83.78,1010.0,28.0,6,No
27.7,33.0,SSW,14.8,83.78,1010.0,28.0,7,No
27.7,33.0,SSE,11.9,79.05,1012.0,29.0,8,No
27.7,33.0,SSW,11.9,74.62,1012.0,30.0,9,No
27.7,33.0,SSE,11.5,70.47,1012.0,30.9,10,No
27.7,33.0,S,11.9,62.92,1011.0,33.0,11,No
27.7,33.0,S,13.7,59.26,1010.0,33.0,12,No
27.7,33.0,S,13.7,59.26,1009.0,33.0,13,No
27.7,33.0,SSE,11.2,59.26,1008.0,33.0,14,No
27.7,33.0,S,11.2,59.26,1007.0,33.0,15,No
27.7,33.0,S,9.7,59.26,1007.0,33.0,16,No
27.7,33.0,S,16.6,59.26,1007.0,33.0,17,No
27.7,33.0,SSE,19.1,66.37,1007.0,30.9,18,No
27.7,33.0,S,22.3,70.28,1007.0,30.0,19,No
27.7,33.0,SE,24.5,70.28,1008.0,30.0,20,No
27.7,33.0,SE,24.1,66.98,1010.0,28.0,21,No
27.7,33.0,SSE,24.8,68.19,1010.0,27.8,22,No
27.7,33.0,SSE,25.2,68.59,1010.0,27.7,23,No
26.3,36.6,SSE,23.0,69.8,1009.0,27.4,0,Yes
26.3,36.6,SSE,22.7,71.48,1008.0,27.1,1,Yes
26.3,36.6,SSE,23.0,72.32,1008.0,26.9,2,Yes
26.3,36.6,S,21.2,72.75,1007.0,26.8,3,Yes
26.3,36.6,S,14.0,74.96,1008.0,26.5,4,Yes
26.3,36.6,SSE,10.8,75.39,1008.0,26.3,5,Yes
26.3,36.6,SSE,9.7,75.4,1009.0,26.4,6,Yes
26.3,36.6,SSE,14.0,69.89,1010.0,27.9,7,Yes
26.3,36.6,SSE,14.8,61.47,1010.0,29.8,8,Yes
26.3,36.6,SSE,13.3,50.41,1010.0,32.2,9,Yes
26.3,36.6,SSE,12.2,43.93,1010.0,34.1,10,Yes
26.3,36.6,SSE,11.9,40.36,1009.0,35.4,11,Yes
26.3,36.6,SSE,12.6,38.41,1008.0,36.3,12,Yes
26.3,36.6,SSE,14.4,37.79,1007.0,36.6,13,Yes
26.3,36.6,SSE,11.9,39.29,1006.0,36.0,14,Yes
26.3,36.6,SSE,14.4,41.4,1005.0,35.5,15,Yes
26.3,36.6,SSE,20.2,46.96,1005.0,33.9,16,Yes
26.3,36.6,SSE,24.5,52.63,1005.0,32.2,17,Yes
26.3,36.6,SSE,27.0,62.25,1007.0,29.9,18,Yes
26.3,36.6,SSE,30.2,67.14,1007.0,28.8,19,Yes
26.3,36.6,SE,26.6,66.69,1008.0,28.6,20,Yes
26.3,36.6,SE,22.7,65.84,1009.0,28.4,21,Yes
26.3,36.6,SSE,23.4,65.0,1009.0,28.2,22,Yes
26.3,36.6,SSE,23.0,64.98,1009.0,28.1,23,Yes
26.3,37.1,SSE,25.2,66.13,1009.0,27.8,0,Yes
26.3,37.1,S,24.8,66.49,1008.0,27.6,1,Yes
26.3,37.1,S,22.7,68.07,1008.0,27.2,2,Yes
26.3,37.1,S,17.6,70.53,1008.0,26.7,3,Yes
26.3,37.1,SE,13.7,71.81,1009.0,26.5,4,Yes
26.3,37.1,SSE,13.7,73.11,1009.0,26.3,5,Yes
26.3,37.1,SSE,12.6,73.58,1010.0,26.4,6,Yes
26.3,37.1,SSE,19.8,66.98,1010.0,28.0,7,Yes
26.3,37.1,SSE,15.8,56.15,1011.0,30.2,8,Yes
26.3,37.1,SSE,13.7,45.39,1011.0,32.3,9,Yes
26.3,37.1,SSE,13.0,38.29,1011.0,34.1,10,Yes
26.3,37.1,SSE,12.6,34.49,1010.0,35.3,11,Yes
26.3,37.1,SSE,11.9,31.8,1009.0,36.2,12,Yes
26.3,37.1,SSE,10.8,29.83,1008.0,36.9,13,Yes
26.3,37.1,SSE,10.1,28.77,1007.0,37.1,14,Yes
26.3,37.1,SSE,11.5,28.87,1006.0,36.8,15,Yes
26.3,37.1,SSE,15.5,32.6,1005.0,35.4,16,Yes
26.3,37.1,SSE,20.5,40.16,1006.0,32.8,17,Yes
26.3,37.1,SE,27.4,50.84,1007.0,30.2,18,Yes
26.3,37.1,SE,32.0,60.12,1008.0,28.8,19,Yes
26.3,37.1,SE,28.1,61.22,1009.0,28.7,20,Yes
26.3,37.1,SSE,23.0,62.32,1010.0,28.5,21,Yes
26.3,37.1,SSE,23.4,63.05,1010.0,28.3,22,Yes
26.3,37.1,SSE,21.2,62.71,1010.0,28.5,23,Yes
26.4,36.7,SSE,22.3,63.44,1010.0,28.3,0,Yes
26.4,36.7,SSE,22.7,66.1,1010.0,27.7,1,Yes
26.4,36.7,SSE,19.4,68.49,1009.0,27.2,2,Yes
26.4,36.7,SE,14.4,69.3,1009.0,27.0,3,Yes
26.4,36.7,SE,16.6,70.95,1009.0,26.6,4,Yes
26.4,36.7,SE,14.4,72.23,1009.0,26.4,5,Yes
26.4,36.7,ESE,13.0,72.23,1010.0,26.4,6,Yes
26.4,36.7,SE,13.0,66.15,1011.0,27.9,7,Yes
26.4,36.7,SE,11.2,57.12,1012.0,29.9,8,Yes
26.4,36.7,SSE,11.5,46.19,1012.0,32.1,9,Yes
26.4,36.7,SSE,11.2,39.27,1011.0,34.1,10,Yes
26.4,36.7,SSE,10.4,36.1,1010.0,35.5,11,Yes
26.4,36.7,SSE,10.4,34.76,1009.0,36.3,12,Yes
26.4,36.7,SSE,11.5,34.22,1008.0,36.7,13,Yes
26.4,36.7,SSE,14.0,34.41,1007.0,36.6,14,Yes
26.4,36.7,SSE,16.6,36.97,1007.0,35.3,15,Yes
26.4,36.7,SSE,24.1,40.61,1006.0,33.5,16,Yes
26.4,36.7,SSE,26.3,47.47,1007.0,31.4,17,Yes
26.4,36.7,ESE,23.4,55.65,1009.0,29.6,18,Yes
26.4,36.7,SE,22.7,59.09,1009.0,29.1,19,Yes
26.4,36.7,SSE,24.5,61.98,1010.0,28.7,20,Yes
26.4,36.7,SSE,23.4,62.71,1010.0,28.5,21,Yes
26.4,36.7,SSE,22.0,62.36,1011.0,28.7,22,Yes
26.4,36.7,SSE,21.2,62.73,1011.0,28.6,23,Yes
26.6,35.7,SSE,20.2,63.81,1010.0,28.2,0,No
26.6,35.7,SSE,17.3,66.1,1010.0,27.7,1,No
26.6,35.7,SSE,13.7,65.72,1010.0,27.8,2,No
26.6,35.7,SE,12.6,65.32,1009.0,27.8,3,No
26.6,35.7,SE,13.7,68.07,1009.0,27.2,4,No
26.6,35.7,ESE,14.8,70.53,1009.0,26.7,5,No
26.6,35.7,ESE,13.7,71.39,1010.0,26.6,6,No
26.6,35.7,ESE,12.6,66.19,1011.0,28.1,7,No
26.6,35.7,SE,12.2,58.59,1012.0,30.1,8,No
26.6,35.7,SE,10.8,50.41,1012.0,32.2,9,No
26.6,35.7,SE,9.0,43.68,1011.0,34.2,10,No
26.6,35.7,SE,9.0,39.95,1010.0,35.7,11,No
26.6,35.7,SE,10.4,45.03,1009.0,34.1,12,No
26.6,35.7,SE,19.1,55.14,1009.0,31.7,13,No
26.6,35.7,SE,18.4,53.0,1008.0,32.4,14,No
26.6,35.7,SSE,20.2,54.88,1007.0,32.0,15,No
26.6,35.7,SSE,20.2,55.53,1007.0,31.9,16,No
26.6,35.7,SSE,25.6,59.82,1007.0,30.7,17,No
26.6,35.7,SE,27.4,65.63,1008.0,29.3,18,No
26.6,35.7,SE,27.7,69.16,1008.0,28.5,19,No
26.6,35.7,SE,28.8,70.3,1009.0,27.8,20,No
26.6,35.7,SE,27.4,70.25,1010.0,27.5,21,No
26.6,35.7,SE,28.8,68.53,1010.0,27.4,22,No
26.6,35.7,SE,23.4,68.07,1011.0,27.2,23,No
25.8,36.2,SE,24.1,68.43,1011.0,26.9,0,Yes
25.8,36.2,SE,24.8,67.99,1010.0,26.8,1,Yes
25.8,36.2,ESE,20.9,67.53,1010.0,26.6,2,Yes
25.8,36.2,ESE,20.9,66.68,1009.0,26.5,3,Yes
25.8,36.2,ESE,22.3,65.43,1009.0,26.4,4,Yes
25.8,36.2,SE,22.0,65.37,1010.0,26.1,5,Yes
25.8,36.2,ESE,23.4,65.71,1010.0,25.8,6,Yes
25.8,36.2,ESE,22.0,57.62,1011.0,27.5,7,Yes
25.8,36.2,ESE,16.6,50.31,1012.0,29.4,8,Yes
25.8,36.2,SE,14.4,44.56,1011.0,31.3,9,Yes
25.8,36.2,SE,11.9,39.99,1011.0,33.1,10,Yes
25.8,36.2,SE,8.3,37.03,1010.0,34.7,11,Yes
25.8,36.2,SSE,8.6,34.3,1009.0,36.2,12,Yes
25.8,36.2,S,12.2,35.32,1007.0,35.9,13,Yes
25.8,36.2,SSE,14.4,38.73,1006.7,34.5,14,Yes
25.8,36.2,SSE,16.6,42.51,1006.3,33.1,15,Yes
25.8,36.2,SSE,18.7,46.69,1006.0,31.8,16,Yes
25.8,36.2,SSE,21.2,50.41,1006.7,30.6,17,Yes
25.8,36.2,SE,23.8,54.46,1007.3,29.4,18,Yes
25.8,36.2,SE,26.3,58.88,1008.0,28.2,19,Yes
25.8,36.2,SE,25.0,59.56,1008.7,27.9,20,Yes
25.8,36.2,SE,23.6,60.25,1009.3,27.7,21,Yes
25.8,36.2,SE,22.3,60.95,1010.0,27.5,22,Yes
25.8,36.2,SE,20.4,61.53,1009.7,27.2,23,Yes
26.2,35.9,SE,18.5,62.12,1009.3,27.0,0,Yes
26.2,35.9,SE,16.6,62.72,1009.0,26.8,1,Yes
26.2,35.9,SE,17.4,63.6,1008.7,26.6,2,Yes
26.2,35.9,SE,18.2,64.49,1008.3,26.4,3,Yes
26.2,35.9,SE,19.1,65.39,1008.0,26.2,4,Yes
26.2,35.9,SE,19.4,63.35,1008.7,26.6,5,Yes
26.2,35.9,SE,19.8,61.38,1009.3,27.1,6,Yes
26.2,35.9,ESE,20.2,59.47,1010.0,27.6,7,Yes
26.2,35.9,SE,16.8,53.54,1010.3,29.3,8,Yes
26.2,35.9,SE,13.4,48.26,1010.7,31.0,9,Yes
26.2,35.9,SSE,10.1,43.55,1011.0,32.7,10,Yes
26.2,35.9,SSE,9.8,40.93,1009.7,33.7,11,Yes
26.2,35.9,SSE,9.6,38.49,1008.3,34.8,12,Yes
26.2,35.9,S,9.4,36.21,1007.0,35.9,13,Yes
26.2,35.9,SSE,12.2,38.53,1006.3,34.9,14,Yes
26.2,35.9,SSE,15.1,41.01,1005.7,34.0,15,Yes
26.2,35.9,SSE,18.0,43.66,1005.0,33.1,16,Yes
26.2,35.9,SSE,20.6,49.2,1005.7,31.4,17,Yes
26.2,35.9,SSE,23.3,55.5,1006.3,29.9,18,Yes
26.2,35.9,SSE,25.9,62.66,1007.0,28.3,19,Yes
26.2,35.9,SSE,23.9,63.93,1008.0,28.1,20,Yes
26.2,35.9,SSE,21.8,65.22,1009.0,27.9,21,Yes
26.2,35.9,SSE,19.8,66.53,1010.0,27.8,22,Yes
26.2,35.9,SSE,18.7,67.99,1009.3,27.4,23,Yes
26.3,35.3,SSE,17.6,69.48,1008.7,27.2,0,Yes
26.3,35.3,SSE,16.6,71.0,1008.0,26.9,1,Yes
26.3,35.3,SE,17.3,71.4,1008.0,26.7,2,Yes
26.3,35.3,SE,18.0,71.81,1008.0,26.4,3,Yes
26.3,35.3,SE,18.7,72.22,1008.0,26.3,4,Yes
26.3,35.3,SE,18.6,69.12,1008.3,26.8,5,Yes
26.3,35.3,SE,18.5,66.16,1008.7,27.3,6,Yes
26.3,35.3,SE,18.4,63.33,1009.0,27.8,7,Yes
26.3,35.3,SE,16.1,56.23,1009.3,29.6,8,Yes
26.3,35.3,SE,13.8,50.0,1009.7,31.4,9,Yes
26.3,35.3,SSE,11.5,44.51,1010.0,33.2,10,Yes
26.3,35.3,SSE,11.4,42.36,1009.0,33.9,11,Yes
26.3,35.3,SSE,11.3,40.31,1008.0,34.6,12,Yes
26.3,35.3,SSE,11.2,38.38,1007.0,35.3,13,Yes
26.3,35.3,SSE,13.9,40.91,1006.7,34.3,14,Yes
26.3,35.3,SSE,16.7,43.62,1006.3,33.3,15,Yes
26.3,35.3,SE,19.4,46.53,1006.0,32.3,16,Yes
26.3,35.3,SE,21.0,50.82,1006.7,30.9,17,Yes
26.3,35.3,SSE,22.6,55.55,1007.3,29.6,18,Yes
26.3,35.3,SSE,24.1,60.75,1008.0,28.3,19,Yes
26.3,35.3,SE,22.6,61.47,1008.7,28.1,20,Yes
26.3,35.3,SE,21.0,62.19,1009.3,27.9,21,Yes
26.3,35.3,SE,19.4,62.92,1010.0,27.7,22,Yes
26.3,35.3,SE,18.8,64.17,1009.7,27.4,23,Yes
26.4,33.5,SE,18.2,65.44,1009.3,27.1,0,No
26.4,33.5,SE,17.6,66.74,1009.0,26.8,1,No
26.4,33.5,SE,18.0,67.55,1008.7,26.6,2,No
26.4,33.5,SE,18.4,68.36,1008.3,26.5,3,No
26.4,33.5,SE,18.7,69.18,1008.0,26.4,4,No
26.4,33.5,SE,19.2,67.45,1008.7,26.9,5,No
26.4,33.5,SE,19.7,65.77,1009.3,27.4,6,No
26.4,33.5,SE,20.2,64.14,1010.0,27.9,7,No
26.4,33.5,SE,17.5,56.96,1010.0,29.7,8,No
26.4,33.5,SE,14.9,50.66,1010.0,31.5,9,No
26.4,33.5,SE,12.2,45.12,1010.0,33.4,10,No
26.4,33.5,SE,12.8,45.31,1009.3,33.4,11,No
26.4,33.5,SE,13.4,45.51,1008.7,33.4,12,No
26.4,33.5,SSE,14.0,45.71,1008.0,33.5,13,No
26.4,33.5,SSE,15.2,46.66,1007.3,33.1,14,No
26.4,33.5,SSE,16.4,47.63,1006.7,32.7,15,No
26.4,33.5,SSE,17.6,48.63,1006.0,32.4,16,No
26.4,33.5,SSE,21.0,52.67,1006.7,31.1,17,No
26.4,33.5,SE,24.4,57.1,1007.3,29.8,18,No
26.4,33.5,SE,27.7,61.94,1008.0,28.5,19,No
26.4,33.5,SE,26.3,61.77,1008.7,28.3,20,No
26.4,33.5,SE,24.8,61.61,1009.3,28.1,21,No
26.4,33.5,SE,23.4,61.44,1010.0,28.0,22,No
26.4,33.5,SE,23.6,63.03,1009.3,27.6,23,No
26.5,33.2,SE,23.9,64.67,1008.7,27.2,0,No
26.5,33.2,SE,24.1,66.35,1008.0,26.9,1,No
26.5,33.2,SE,24.0,67.15,1008.0,26.7,2,No
26.5,33.2,SE,23.9,67.96,1008.0,26.6,3,No
26.5,33.2,SE,23.8,68.78,1008.0,26.5,4,No
26.5,33.2,SE,22.7,65.56,1008.7,27.0,5,No
26.5,33.2,SE,21.6,62.5,1009.3,27.5,6,No
26.5,33.2,ESE,20.5,59.59,1010.0,28.1,7,No
26.5,33.2,SE,18.0,53.22,1010.0,29.8,8,No
26.5,33.2,SE,15.5,47.59,1010.0,31.5,9,No
26.5,33.2,SE,13.0,42.61,1010.0,33.2,10,No
26.5,33.2,SE,13.9,43.09,1009.3,33.0,11,No
26.5,33.2,SSE,14.9,43.58,1008.7,32.8,12,No
26.5,33.2,SSE,15.8,44.07,1008.0,32.6,13,No
26.5,33.2,SSE,16.6,43.64,1007.3,32.7,14,No
26.5,33.2,SSE,17.3,43.22,1006.7,32.8,15,No
26.5,33.2,SSE,18.0,42.79,1006.0,32.9,16,No
26.5,33.2,SSE,21.6,46.76,1006.7,31.3,17,No
26.5,33.2,SSE,25.2,51.15,1007.3,29.7,18,No
26.5,33.2,SE,28.8,56.01,1008.0,28.2,19,No
26.5,33.2,SE,30.0,57.23,1008.3,27.8,20,No
26.5,33.2,SE,31.2,58.47,1008.7,27.5,21,No
26.5,33.2,SE,32.4,59.75,1009.0,27.2,22,No
26.5,33.2,SE,30.4,60.21,1009.0,27.0,23,No
26.0,34.2,SE,28.3,60.68,1009.0,26.8,0,No
26.0,34.2,SE,26.3,61.15,1009.0,26.7,1,No
26.0,34.2,SE,24.4,61.87,1008.7,26.4,2,No
26.0,34.2,SE,22.4,62.6,1008.3,26.2,3,No
26.0,34.2,ESE,20.5,63.33,1008.0,26.0,4,No
26.0,34.2,SE,21.4,61.63,1008.7,26.5,5,No
26.0,34.2,SE,22.2,59.99,1009.3,27.1,6,No
26.0,34.2,SE,23.0,58.39,1010.0,27.7,7,No
26.0,34.2,SE,22.1,51.54,1010.0,29.6,8,No
26.0,34.2,SE,21.1,45.55,1010.0,31.5,9,No
26.0,34.2,SE,20.2,40.32,1010.0,33.4,10,No
26.0,34.2,SSE,20.6,39.98,1009.0,33.6,11,No
26.0,34.2,SSE,21.1,39.63,1008.0,33.9,12,No
26.0,34.2,SSE,21.6,39.29,1007.0,34.2,13,No
26.0,34.2,SSE,21.8,39.38,1006.7,33.9,14,No
26.0,34.2,SSE,22.1,39.46,1006.3,33.6,15,No
26.0,34.2,SSE,22.3,39.54,1006.0,33.3,16,No
26.0,34.2,SSE,25.1,45.76,1006.3,31.5,17,No
26.0,34.2,SSE,27.8,53.01,1006.7,29.8,18,No
26.0,34.2,SSE,30.6,61.47,1007.0,28.1,19,No
26.0,34.2,SSE,29.9,62.2,1007.7,27.9,20,No
26.0,34.2,SE,29.2,62.93,1008.3,27.7,21,No
26.0,34.2,SE,28.4,63.68,1009.0,27.6,22,No
26.0,34.2,SE,27.6,64.82,1008.7,27.3,23,No
26.3,36.0,SSE,26.8,65.97,1008.3,27.0,0,No
26.3,36.0,SSE,25.9,67.16,1008.0,26.8,1,No
26.3,36.0,SSE,22.2,68.1,1008.0,26.6,2,No
26.3,36.0,SSE,18.5,69.05,1008.0,26.4,3,No
26.3,36.0,SSE,14.8,70.02,1008.0,26.3,4,No
26.3,36.0,SE,15.8,67.73,1008.3,26.9,5,No
26.3,36.0,SE,16.9,65.52,1008.7,27.4,6,No
26.3,36.0,SE,18.0,63.4,1009.0,28.1,7,No
26.3,36.0,SE,17.4,53.18,1009.0,30.0,8,No
26.3,36.0,SE,16.8,44.66,1009.0,32.0,9,No
26.3,36.0,SSE,16.2,37.55,1009.0,34.0,10,No
26.3,36.0,SSE,16.0,35.95,1008.0,34.6,11,No
26.3,36.0,SSE,15.7,34.43,1007.0,35.3,12,No
26.3,36.0,SSE,15.5,32.98,1006.0,36.0,13,No
26.3,36.0,SSE,16.3,32.51,1005.3,35.5,14,No
26.3,36.0,SSE,17.2,32.05,1004.7,35.1,15,No
26.3,36.0,SSE,18.0,31.59,1004.0,34.7,16,No
26.3,36.0,SSE,22.3,39.76,1004.7,32.5,17,No
26.3,36.0,SSE,26.6,50.06,1005.3,30.4,18,No
26.3,36.0,SSE,31.0,63.05,1006.0,28.3,19,No
26.3,36.0,SSE,30.0,64.58,1006.7,28.1,20,No
26.3,36.0,SE,29.0,66.15,1007.3,27.9,21,No
26.3,36.0,SE,28.1,67.75,1008.0,27.7,22,No
26.3,36.0,SSE,24.4,68.94,1007.7,27.3,23,No
25.6,37.7,SSE,20.6,70.15,1007.3,26.9,0,No
25.6,37.7,SSE,16.9,71.39,1007.0,26.6,1,No
25.6,37.7,S,13.8,72.8,1007.0,26.2,2,No
25.6,37.7,S,10.7,74.25,1007.0,25.9,3,No
25.6,37.7,S,7.6,75.74,1007.0,25.6,4,No
25.6,37.7,SSE,7.3,73.68,1007.3,26.1,5,No
25.6,37.7,SE,7.1,71.69,1007.7,26.6,6,No
25.6,37.7,SE,6.8,69.76,1008.0,27.2,7,No
25.6,37.7,SE,7.9,57.73,1008.3,29.4,8,No
25.6,37.7,SSE,9.0,47.85,1008.7,31.7,9,No
25.6,37.7,SSE,10.1,39.73,1009.0,34.0,10,No
25.6,37.7,SSE,10.8,35.88,1007.7,35.2,11,No
25.6,37.7,SSE,11.5,32.41,1006.3,36.4,12,No
25.6,37.7,SSE,12.2,29.3,1005.0,37.7,13,No
25.6,37.7,SSE,13.9,30.01,1004.7,36.8,14,No
25.6,37.7,SSE,15.6,30.76,1004.3,36.0,15,No
25.6,37.7,SSE,17.3,31.53,1004.0,35.2,16,No
25.6,37.7,SSE,22.7,39.87,1004.7,32.9,17,No
25.6,37.7,SSE,28.1,50.45,1005.3,30.7,18,No
25.6,37.7,SSE,33.5,63.87,1006.0,28.5,19,No
25.6,37.7,SSE,30.6,65.41,1006.7,28.2,20,No
25.6,37.7,SSE,27.7,66.99,1007.3,28.0,21,No
25.6,37.7,SSE,24.8,68.61,1008.0,27.8,22,No
25.6,37.7,SSE,22.7,70.67,1007.7,27.4,23,No
26.1,38.0,S,20.5,72.79,1007.3,27.0,0,Yes
26.1,38.0,S,18.4,74.99,1007.0,26.7,1,Yes
26.1,38.0,S,16.4,76.03,1007.0,26.5,2,Yes
26.1,38.0,SSE,14.5,77.09,1007.0,26.3,3,Yes
26.1,38.0,SSE,12.6,78.17,1007.0,26.1,4,Yes
26.1,38.0,SE,12.4,76.06,1007.7,26.7,5,Yes
26.1,38.0,SE,12.1,74.03,1008.3,27.3,6,Yes
26.1,38.0,SE,11.9,72.06,1009.0,27.9,7,Yes
26.1,38.0,SE,12.4,58.87,1009.0,30.2,8,Yes
26.1,38.0,SE,12.8,48.19,1009.0,32.6,9,Yes
26.1,38.0,SSE,13.3,39.51,1009.0,35.0,10,Yes
26.1,38.0,SSE,13.1,36.09,1008.3,36.0,11,Yes
26.1,38.0,SSE,12.8,32.97,1007.7,37.0,12,Yes
26.1,38.0,SSE,12.6,30.13,1007.0,38.0,13,Yes
26.1,38.0,SSE,13.3,31.22,1006.3,37.5,14,Yes
26.1,38.0,SSE,14.0,32.35,1005.7,37.0,15,Yes
26.1,38.0,SSE,14.8,33.53,1005.0,36.5,16,Yes
26.1,38.0,SSE,20.4,42.35,1005.7,34.2,17,Yes
26.1,38.0,SSE,26.0,53.53,1006.3,31.9,18,Yes
26.1,38.0,SE,31.7,67.71,1007.0,29.6,19,Yes
26.1,38.0,SSE,27.8,69.6,1007.7,29.3,20,Yes
26.1,38.0,SSE,24.0,71.55,1008.3,29.1,21,Yes
26.1,38.0,SSE,20.2,73.55,1009.0,28.9,22,Yes
26.1,38.0,SSE,18.6,75.14,1008.7,28.6,23,Yes
27.3,37.7,SSE,17.0,76.77,1008.3,28.3,0,No
27.3,37.7,SSE,15.5,78.44,1008.0,28.0,1,No
27.3,37.7,SSE,14.4,79.68,1007.7,27.7,2,No
27.3,37.7,SSE,13.3,80.93,1007.3,27.5,3,No
27.3,37.7,SSE,12.2,82.21,1007.0,27.3,4,No
27.3,37.7,SSE,12.4,78.75,1007.7,27.9,5,No
27.3,37.7,SSE,12.5,75.44,1008.3,28.5,6,No
27.3,37.7,SSE,12.6,72.28,1009.0,29.2,7,No
27.3,37.7,SSE,11.5,60.47,1009.0,31.4,8,No
27.3,37.7,SSE,10.4,50.68,1009.0,33.6,9,No
27.3,37.7,SE,9.4,42.54,1009.0,35.9,10,No
27.3,37.7,SSE,10.0,40.83,1008.0,36.5,11,No
27.3,37.7,SSE,10.6,39.19,1007.0,37.1,12,No
27.3,37.7,SSE,11.2,37.62,1006.0,37.7,13,No
27.3,37.7,SSE,13.7,39.6,1005.7,36.8,14,No
27.3,37.7,SE,16.2,41.7,1005.3,35.9,15,No
27.3,37.7,SE,18.7,43.92,1005.0,35.1,16,No
27.3,37.7,SE,18.1,48.34,1006.7,33.2,17,No
27.3,37.7,SE,17.5,53.28,1008.3,31.3,18,No
27.3,37.7,SE,16.9,58.81,1010.0,29.5,19,No
27.3,37.7,SE,18.6,61.97,1010.0,29.2,20,No
27.3,37.7,SSE,20.3,65.28,1010.0,28.9,21,No
27.3,37.7,S,22.0,68.76,1010.0,28.6,22,No
27.3,37.7,SSE,20.5,70.95,1009.3,28.2,23,No
